"","Product","Harvest.Year","Harvest.Season","Grow.Out.Method","Lease.Footprint..Acres.","Year","Date","Equipment","Fuel","Maintenance","Consumables","Cost of Goods Sold","Year.1","Cost of Production","Debt","Individual Scallops","ShellHeight (mm)","ShellHeight (Inches)","Adductor (g)","Adductor (lb)","Adductor Count per lb","Run Rate (Whole Scallop)","Break Even Price (Whole Scallop)","Run Rate (Adductor)","Break Even Price (Adductor)","Year.2","Insurance","Aquaculture License","Owner Salary","Full Time Employee","Depreciation","Fixed Overhead Costs","Sea.Days","Totalequipment","Longlines"
"11",50000,"Y2","Winter","Ear Hanging",2.63674573673993,10,Aug 2035,0,4824,6560,600,23704,10,159044.93,2037625.19,37085,72.93,2.87,9.7,0.02,46.76,4.29,6.87,200.54,321.16,10,6000,1200,60000,45000,22877.2591666667,135340.933740341,36,339765.162916667,1
"111",60000,"Y2","Winter","Ear Hanging",5.27349147347986,10,Aug 2035,0,5226,7040,600,25546,10,162186.39,2077371.78,44502,72.93,2.87,9.7,0.02,46.76,3.64,5.84,170.42,272.85,10,6000,1200,60000,45000,23913.041,136640.390147348,39,349168.468833333,2
"112",70000,"Y2","Winter","Ear Hanging",5.27349147347986,10,Aug 2035,0,6298,8320,600,31098,10,168305.79,2137130.8,51919,72.93,2.87,9.7,0.02,46.76,3.24,5.15,151.58,240.6,10,6000,1200,60000,45000,24480.4395,137207.788647348,47,351561.408083333,2
"113",80000,"Y2","Winter","Ear Hanging",5.27349147347986,10,Aug 2035,0,6700,8800,600,33580,10,171356.9,2167603.64,59336,72.93,2.87,9.7,0.02,46.76,2.89,4.57,135.04,213.53,10,6000,1200,60000,45000,25049.5546666667,137776.903814015,50,353964.714,2
"114",90000,"Y2","Winter","Ear Hanging",5.27349147347986,10,Aug 2035,0,7102,9280,600,35902,10,174245.22,2196577.67,66753,72.93,2.87,9.7,0.02,46.76,2.61,4.11,122.06,192.34,10,6000,1200,60000,45000,25615.8698333333,138343.218980681,53,356340.019916667,2
"115",100000,"Y2","Winter","Ear Hanging",5.27349147347986,10,Aug 2035,0,8442,10880,600,41562,10,180472.62,2259072.69,74170,72.93,2.87,9.7,0.02,46.76,2.43,3.81,113.78,178.03,10,6000,1200,60000,45000,26183.2683333333,138910.617480681,63,358732.959166667,2
"116",110000,"Y2","Winter","Ear Hanging",7.91023721021979,10,Aug 2035,0,9246,11840,600,45566,10,185776.07,2319185.28,81587,72.93,2.87,9.7,0.02,46.76,2.28,3.55,106.48,166.15,10,6000,1200,60000,45000,27219.0501666667,140210.073887689,69,368136.265083333,3
"117",120000,"Y2","Winter","Ear Hanging",7.91023721021979,10,Aug 2035,0,10050,12800,600,49410,10,190189.19,2363598.12,89004,72.93,2.87,9.7,0.02,46.76,2.14,3.32,99.92,155.22,10,6000,1200,60000,45000,27788.1653333333,140779.189054355,75,370539.571,3
"118",130000,"Y2","Winter","Ear Hanging",7.91023721021979,10,Aug 2035,0,10586,13440,600,52666,10,194009.79,2400952.34,96421,72.93,2.87,9.7,0.02,46.76,2.01,3.11,94.09,145.55,10,6000,1200,60000,45000,28352.7638333333,141343.787554355,79,372904.51025,3
"119",140000,"Y2","Winter","Ear Hanging",7.91023721021979,10,Aug 2035,0,11390,14400,600,56510,10,198422.9,2445365.18,103838,72.93,2.87,9.7,0.02,46.76,1.91,2.94,89.35,137.65,10,6000,1200,60000,45000,28921.879,141912.902721022,85,375307.816166667,3
"1110",150000,"Y2","Winter","Ear Hanging",7.91023721021979,10,Aug 2035,0,12194,15360,600,60354,10,202836.02,2489272.01,111255,72.93,2.87,9.7,0.02,46.76,1.82,2.8,85.25,130.78,10,6000,1200,60000,45000,29490.9941666667,142482.017887689,91,377711.122083333,3
"1111",160000,"Y2","Winter","Ear Hanging",7.91023721021979,10,Aug 2035,0,12730,16000,600,63130,10,206179.42,2522365.03,118672,72.93,2.87,9.7,0.02,46.76,1.74,2.66,81.24,124.24,10,6000,1200,60000,45000,30058.3926666667,143049.416387689,95,380104.061333333,3
"1112",170000,"Y2","Winter","Ear Hanging",10.5469829469597,10,Aug 2035,0,13668,17120,600,67748,10,212096.87,2588777.63,126089,72.93,2.87,9.7,0.02,46.76,1.68,2.57,78.66,120.01,10,6000,1200,60000,45000,31094.1745,144348.872794696,102,389507.36725,4
"1113",180000,"Y2","Winter","Ear Hanging",10.5469829469597,10,Aug 2035,0,14070,17600,600,70230,10,215145.19,2619191.66,133506,72.93,2.87,9.7,0.02,46.76,1.61,2.45,75.36,114.67,10,6000,1200,60000,45000,31660.4896666667,144915.187961363,105,391882.673166667,4
"1114",190000,"Y2","Winter","Ear Hanging",10.5469829469597,10,Aug 2035,0,15008,18720,600,75008,10,220492.3,2672010.5,140923,72.93,2.87,9.7,0.02,46.76,1.56,2.37,73.16,110.83,10,6000,1200,60000,45000,32229.6048333333,145484.303128029,112,394285.979083333,4
"1115",200000,"Y2","Winter","Ear Hanging",10.5469829469597,10,Aug 2035,0,15812,19680,600,78212,10,224263.7,2710719.52,148340,72.93,2.87,9.7,0.02,46.76,1.51,2.28,70.69,106.81,10,6000,1200,60000,45000,32797.0033333333,146051.701628029,118,396678.918333333,4
"1116",210000,"Y2","Winter","Ear Hanging",10.5469829469597,10,Aug 2035,0,17018,21120,600,83738,10,230358.82,2771178.36,155757,72.93,2.87,9.7,0.02,46.76,1.48,2.22,69.16,103.99,10,6000,1200,60000,45000,33366.1185,146620.816794696,127,399082.22425,4
"1117",220000,"Y2","Winter","Ear Hanging",13.1837286836996,10,Aug 2035,0,17554,21760,600,86994,10,234911.47,2823592.15,163174,72.93,2.87,9.7,0.02,46.76,1.44,2.16,67.32,101.14,10,6000,1200,60000,45000,34399.1003333333,147917.473201703,131,408457.530166667,5
"1118",230000,"Y2","Winter","Ear Hanging",13.1837286836996,10,Aug 2035,0,18358,22720,600,90838,10,239322.87,2867979.17,170591,72.93,2.87,9.7,0.02,46.76,1.4,2.1,65.6,98.27,10,6000,1200,60000,45000,34966.4988333333,148484.871701703,137,410850.469416667,5
"1119",240000,"Y2","Winter","Ear Hanging",13.1837286836996,10,Aug 2035,0,18894,23360,600,94094,10,243147.99,2905418,178008,72.93,2.87,9.7,0.02,46.76,1.37,2.04,63.87,95.4,10,6000,1200,60000,45000,35535.614,149053.98686837,141,413253.775333333,5
"1120",250000,"Y2","Winter","Ear Hanging",13.1837286836996,10,Aug 2035,0,19430,24000,600,96230,10,245853.1,2933952.84,185425,72.93,2.87,9.7,0.02,46.76,1.33,1.98,62,92.49,10,6000,1200,60000,45000,36104.7291666667,149623.102035037,145,415657.08125,5
"1121",260000,"Y2","Winter","Ear Hanging",13.1837286836996,10,Aug 2035,0,20636,25440,600,102076,10,252263.7,2996299.06,192842,72.93,2.87,9.7,0.02,46.76,1.31,1.94,61.17,90.82,10,6000,1200,60000,45000,36669.3276666667,150187.700535037,154,418022.0205,5
"1122",270000,"Y2","Winter","Ear Hanging",13.1837286836996,10,Aug 2035,0,21038,25920,600,104558,10,255314.82,3026771.9,200259,72.93,2.87,9.7,0.02,46.76,1.27,1.89,59.62,88.34,10,6000,1200,60000,45000,37238.4428333333,150756.815701703,157,420425.326416667,5
"1123",280000,"Y2","Winter","Ear Hanging",15.8204744204396,10,Aug 2035,0,21976,27040,600,109176,10,261232.27,3093184.49,207676,72.93,2.87,9.7,0.02,46.76,1.26,1.86,58.82,87.06,10,6000,1200,60000,45000,38274.2246666667,152056.272108711,164,429828.632333333,6
"1124",290000,"Y2","Winter","Ear Hanging",15.8204744204396,10,Aug 2035,0,22780,28000,600,112540,10,265163.67,3133333.51,215093,72.93,2.87,9.7,0.02,46.76,1.23,1.82,57.65,85.15,10,6000,1200,60000,45000,38841.6231666667,152623.670608711,170,432221.571583333,6
"1125",300000,"Y2","Winter","Ear Hanging",15.8204744204396,10,Aug 2035,0,23852,29280,600,118092,10,271284.79,3193118.35,222510,72.93,2.87,9.7,0.02,46.76,1.22,1.79,57.01,83.88,10,6000,1200,60000,45000,39410.7383333333,153192.785775377,178,434624.8775,6
"1126",310000,"Y2","Winter","Ear Hanging",15.8204744204396,10,Aug 2035,0,24388,29920,600,120388,10,274147.1,3222766.38,229927,72.93,2.87,9.7,0.02,46.76,1.19,1.75,55.75,81.93,10,6000,1200,60000,45000,39977.0535,153759.100942044,182,437000.183416667,6
"1127",320000,"Y2","Winter","Ear Hanging",15.8204744204396,10,Aug 2035,0,24924,30560,600,123644,10,277970.5,3260179.4,237344,72.93,2.87,9.7,0.02,46.76,1.17,1.72,54.77,80.29,10,6000,1200,60000,45000,40544.452,154326.499442044,186,439393.122666667,6
"1128",330000,"Y2","Winter","Ear Hanging",18.4572201571795,10,Aug 2035,0,25862,31680,600,128422,10,284047.96,3328031.99,244761,72.93,2.87,9.7,0.02,46.76,1.16,1.7,54.27,79.48,10,6000,1200,60000,45000,41580.2338333333,155625.955849051,193,448796.428583333,7
"1129",340000,"Y2","Winter","Ear Hanging",18.4572201571795,10,Aug 2035,0,26532,32480,600,131332,10,287527.07,3363532.83,252178,72.93,2.87,9.7,0.02,46.76,1.14,1.67,53.32,77.96,10,6000,1200,60000,45000,42149.349,156195.071015718,198,451199.7345,7
"1130",350000,"Y2","Winter","Ear Hanging",18.4572201571795,10,Aug 2035,0,27470,33600,600,136110,10,292871.39,3416292.87,259595,72.93,2.87,9.7,0.02,46.76,1.13,1.65,52.75,76.92,10,6000,1200,60000,45000,42715.6641666667,156761.386182385,205,453575.040416667,7
"1131",360000,"Y2","Winter","Ear Hanging",18.4572201571795,10,Aug 2035,0,28006,34240,600,138726,10,296054.78,3447945.89,267012,72.93,2.87,9.7,0.02,46.76,1.11,1.61,51.85,75.48,10,6000,1200,60000,45000,43283.0626666667,157328.784682385,209,455967.979666667,7
"1132",370000,"Y2","Winter","Ear Hanging",18.4572201571795,10,Aug 2035,0,28944,35360,600,143504,10,301401.9,3500764.72,274429,72.93,2.87,9.7,0.02,46.76,1.1,1.59,51.36,74.56,10,6000,1200,60000,45000,43852.1778333333,157897.899849051,216,458371.285583333,7
"1133",380000,"Y2","Winter","Ear Hanging",21.0939658939194,10,Aug 2035,0,29346,35840,600,145986,10,305183.36,3546271.32,281846,72.93,2.87,9.7,0.02,46.76,1.08,1.57,50.63,73.54,10,6000,1200,60000,45000,44887.9596666667,159197.356256059,219,467774.5915,8
"1134",390000,"Y2","Winter","Ear Hanging",21.0939658939194,10,Aug 2035,0,30686,37440,600,151486,10,311247.95,3607267.54,289263,72.93,2.87,9.7,0.02,46.76,1.08,1.56,50.31,72.89,10,6000,1200,60000,45000,45452.5581666667,159761.954756059,229,470139.53075,8
"1135",400000,"Y2","Winter","Ear Hanging",21.0939658939194,10,Aug 2035,0,31088,37920,600,153968,10,314299.07,3637740.37,296680,72.93,2.87,9.7,0.02,46.76,1.06,1.53,49.54,71.67,10,6000,1200,60000,45000,46021.6733333333,160331.069922725,232,472542.836666667,8
"1156",50000,"Y3","Winter","Ear Hanging",5.27349147347986,10,Aug 2035,0,4958,6720,600,23518,10,160262.25,2050578.2,32449,108.52,4.27,28.89,0.06,15.7,4.94,7.9,77.54,124.01,10,6000,1200,60000,45000,24016.89875,136744.247897348,37,349909.035833333,2
"1157",60000,"Y3","Winter","Ear Hanging",5.27349147347986,10,Aug 2035,0,5360,7200,600,25360,10,162808.86,2075471.87,38939,108.52,4.27,28.89,0.06,15.7,4.18,6.66,65.64,104.6,10,6000,1200,60000,45000,24721.5118333333,137448.860980681,40,352948.789666667,2
"1158",70000,"Y3","Winter","Ear Hanging",5.27349147347986,10,Aug 2035,0,6432,8480,600,30912,10,169059.24,2134554.82,45429,108.52,4.27,28.89,0.06,15.7,3.72,5.87,58.42,92.21,10,6000,1200,60000,45000,25419.8915833333,138147.240730681,48,355939.810166667,2
"1159",80000,"Y3","Winter","Ear Hanging",7.91023721021979,10,Aug 2035,0,6834,8960,600,33394,10,172973.4,2180183.44,51919,108.52,4.27,28.89,0.06,15.7,3.33,5.25,52.3,82.41,10,6000,1200,60000,45000,26588.3713333333,139579.395054355,51,365951.564,3
"1160",90000,"Y3","Winter","Ear Hanging",7.91023721021979,10,Aug 2035,0,7102,9280,600,34942,10,175226.01,2202431.11,58409,108.52,4.27,28.89,0.06,15.7,3,4.71,47.1,74,10,6000,1200,60000,45000,27292.9844166667,140284.008137689,53,368991.317833333,3
"1161",100000,"Y3","Winter","Ear Hanging",7.91023721021979,10,Aug 2035,0,8844,11360,600,41964,10,182946.39,2276828.06,64899,108.52,4.27,28.89,0.06,15.7,2.82,4.39,44.26,68.85,10,6000,1200,60000,45000,27991.3641666667,140982.387887689,66,371982.338333333,3
"1162",110000,"Y3","Winter","Ear Hanging",7.91023721021979,10,Aug 2035,0,9514,12160,600,45194,10,186881,2315121.73,71389,108.52,4.27,28.89,0.06,15.7,2.62,4.05,41.1,63.64,10,6000,1200,60000,45000,28695.97725,141687.000971022,71,375022.092166667,3
"1163",120000,"Y3","Winter","Ear Hanging",10.5469829469597,10,Aug 2035,0,10318,13120,600,49038,10,192157.16,2374690.35,77878,108.52,4.27,28.89,0.06,15.7,2.47,3.81,38.74,59.84,10,6000,1200,60000,45000,29864.457,143119.155294696,77,385033.846,4
"1164",130000,"Y3","Winter","Ear Hanging",10.5469829469597,10,Aug 2035,0,10854,13760,600,52294,10,196114.34,2411486.1,84368,108.52,4.27,28.89,0.06,15.7,2.32,3.57,36.49,56.09,10,6000,1200,60000,45000,30565.63675,143820.335044696,81,388052.8665,4
"1165",140000,"Y3","Winter","Ear Hanging",10.5469829469597,10,Aug 2035,0,11658,14720,600,56138,10,200660.15,2456020.97,90858,108.52,4.27,28.89,0.06,15.7,2.21,3.38,34.67,53.05,10,6000,1200,60000,45000,31267.4498333333,144522.148128029,87,391064.620333333,4
"1166",150000,"Y3","Winter","Ear Hanging",13.1837286836996,10,Aug 2035,0,12328,15520,600,59208,10,205165.1,2508176.39,97348,108.52,4.27,28.89,0.06,15.7,2.11,3.22,33.09,50.56,10,6000,1200,60000,45000,32438.7295833333,145957.102451703,92,401104.374166667,5
"1167",160000,"Y3","Winter","Ear Hanging",13.1837286836996,10,Aug 2035,0,12864,16160,600,61984,10,208639.48,2541367.34,103838,108.52,4.27,28.89,0.06,15.7,2.01,3.06,31.54,48.03,10,6000,1200,60000,45000,33137.1093333333,146655.482201703,96,404095.394666667,5
"1168",170000,"Y3","Winter","Ear Hanging",13.1837286836996,10,Aug 2035,0,13668,17120,600,65828,10,213188.1,2585961.01,110328,108.52,4.27,28.89,0.06,15.7,1.93,2.93,30.34,46,10,6000,1200,60000,45000,33841.7224166667,147360.095285037,102,407135.1485,5
"1169",180000,"Y3","Winter","Ear Hanging",13.1837286836996,10,Aug 2035,0,14070,17600,600,68310,10,216371.91,2616555.88,116818,108.52,4.27,28.89,0.06,15.7,1.85,2.8,29.08,43.96,10,6000,1200,60000,45000,34543.5355,148061.90836837,105,410146.902333333,5
"1170",190000,"Y3","Winter","Ear Hanging",15.8204744204396,10,Aug 2035,0,15142,18880,600,73862,10,223358.86,2690781.3,123308,108.52,4.27,28.89,0.06,15.7,1.81,2.73,28.44,42.82,10,6000,1200,60000,45000,35714.81525,149496.862692044,113,420186.656166667,6
"1171",200000,"Y3","Winter","Ear Hanging",15.8204744204396,10,Aug 2035,0,16214,20160,600,77654,10,227849.24,2734426.25,129797,108.52,4.27,28.89,0.06,15.7,1.76,2.63,27.56,41.34,10,6000,1200,60000,45000,36413.195,150195.242442044,121,423177.676666667,6
"1172",210000,"Y3","Winter","Ear Hanging",15.8204744204396,10,Aug 2035,0,17420,21600,600,83180,10,234079.86,2795065.92,136287,108.52,4.27,28.89,0.06,15.7,1.72,2.56,26.96,40.25,10,6000,1200,60000,45000,37117.8080833333,150899.855525377,130,426217.4305,6
"1173",220000,"Y3","Winter","Ear Hanging",15.8204744204396,10,Aug 2035,0,17822,22080,600,85662,10,237263.67,2825660.79,142777,108.52,4.27,28.89,0.06,15.7,1.66,2.47,26.09,38.84,10,6000,1200,60000,45000,37819.6211666667,151601.668608711,133,429229.184333333,6
"1174",230000,"Y3","Winter","Ear Hanging",18.4572201571795,10,Aug 2035,0,18626,23040,600,89506,10,242539.19,2885238.29,149267,108.52,4.27,28.89,0.06,15.7,1.62,2.42,25.51,37.93,10,6000,1200,60000,45000,38987.4675833333,153033.189599051,139,439248.204833333,7
"1175",240000,"Y3","Winter","Ear Hanging",18.4572201571795,10,Aug 2035,0,19028,23520,600,91988,10,245723,2915833.16,155757,108.52,4.27,28.89,0.06,15.7,1.58,2.34,24.77,36.74,10,6000,1200,60000,45000,39689.2806666667,153735.002682385,142,442259.958666667,7
"1176",250000,"Y3","Winter","Ear Hanging",18.4572201571795,10,Aug 2035,0,19698,24320,600,94898,10,249337.62,2950740.83,162247,108.52,4.27,28.89,0.06,15.7,1.54,2.27,24.13,35.69,10,6000,1200,60000,45000,40393.89375,154439.615765718,147,445299.7125,7
"1177",260000,"Y3","Winter","Ear Hanging",21.0939658939194,10,Aug 2035,0,20770,25600,600,99970,10,255838.34,3021311.53,168737,108.52,4.27,28.89,0.06,15.7,1.52,2.24,23.8,35.14,10,6000,1200,60000,45000,41558.9401666667,155868.336756059,155,455290.733,8
"1178",270000,"Y3","Winter","Ear Hanging",21.0939658939194,10,Aug 2035,0,21172,26080,600,102452,10,259024.95,3051965.2,175226,108.52,4.27,28.89,0.06,15.7,1.48,2.18,23.21,34.18,10,6000,1200,60000,45000,42263.55325,156572.949839392,158,458330.486833333,8
"1179",280000,"Y3","Winter","Ear Hanging",21.0939658939194,10,Aug 2035,0,21976,27040,600,106296,10,263570.76,3096500.07,181716,108.52,4.27,28.89,0.06,15.7,1.45,2.13,22.77,33.44,10,6000,1200,60000,45000,42965.3663333333,157274.762922725,164,461342.240666667,8
"1180",290000,"Y3","Winter","Ear Hanging",21.0939658939194,10,Aug 2035,0,23182,28480,600,111022,10,268997.94,3148609.82,188206,108.52,4.27,28.89,0.06,15.7,1.43,2.09,22.44,32.83,10,6000,1200,60000,45000,43666.5460833333,157975.942672725,173,464361.261166667,8
"1181",300000,"Y3","Winter","Ear Hanging",23.7307116306594,10,Aug 2035,0,24120,29600,600,115800,10,275208.1,3216584.44,194696,108.52,4.27,28.89,0.06,15.7,1.41,2.07,22.19,32.42,10,6000,1200,60000,45000,44835.0258333333,159408.096996399,180,474373.015,9
"1182",310000,"Y3","Winter","Ear Hanging",23.7307116306594,10,Aug 2035,0,24790,30400,600,118870,10,278982.71,3252664.11,201186,108.52,4.27,28.89,0.06,15.7,1.39,2.02,21.77,31.73,10,6000,1200,60000,45000,45539.6389166667,160112.710079733,185,477412.768833333,9
"1183",320000,"Y3","Winter","Ear Hanging",23.7307116306594,10,Aug 2035,0,25192,30880,600,121352,10,282163.09,3283209.06,207676,108.52,4.27,28.89,0.06,15.7,1.36,1.98,21.33,31.02,10,6000,1200,60000,45000,46238.0186666667,160811.089829733,188,480403.789333333,9
"1184",330000,"Y3","Winter","Ear Hanging",23.7307116306594,10,Aug 2035,0,26130,32000,600,126130,10,287645.7,3336208.73,214166,108.52,4.27,28.89,0.06,15.7,1.34,1.95,21.09,30.57,10,6000,1200,60000,45000,46942.63175,161515.702913066,195,483443.543166667,9
"1185",340000,"Y3","Winter","Ear Hanging",26.3674573673993,10,Aug 2035,0,26666,32640,600,128266,10,291213.86,3379899.35,220656,108.52,4.27,28.89,0.06,15.7,1.32,1.91,20.72,30.06,10,6000,1200,60000,45000,48111.1115,162947.85723674,199,493455.297,10
"1186",350000,"Y3","Winter","Ear Hanging",26.3674573673993,10,Aug 2035,0,27604,33760,600,133044,10,296696.47,3432899.02,227145,108.52,4.27,28.89,0.06,15.7,1.31,1.89,20.51,29.66,10,6000,1200,60000,45000,48815.7245833333,163652.470320073,206,496495.050833333,10
"1187",360000,"Y3","Winter","Ear Hanging",26.3674573673993,10,Aug 2035,0,28006,34240,600,134886,10,299236.85,3457683.97,233635,108.52,4.27,28.89,0.06,15.7,1.28,1.85,20.11,29.04,10,6000,1200,60000,45000,49514.1043333333,164350.850070073,209,499486.071333333,10
"1188",370000,"Y3","Winter","Ear Hanging",29.0042031041392,10,Aug 2035,0,29078,35520,600,140438,10,306223.8,3531909.4,240125,108.52,4.27,28.89,0.06,15.7,1.28,1.84,20.02,28.86,10,6000,1200,60000,45000,50685.3840833333,165785.804393747,217,509525.825166667,11
"1189",380000,"Y3","Winter","Ear Hanging",29.0042031041392,10,Aug 2035,0,29480,36000,600,142920,10,309407.62,3562504.26,246615,108.52,4.27,28.89,0.06,15.7,1.25,1.81,19.7,28.35,10,6000,1200,60000,45000,51387.1971666667,166487.617477081,220,512537.579,11
"1190",390000,"Y3","Winter","Ear Hanging",29.0042031041392,10,Aug 2035,0,31088,37920,600,149008,10,316196.8,3628554.02,253105,108.52,4.27,28.89,0.06,15.7,1.25,1.79,19.61,28.13,10,6000,1200,60000,45000,52088.3769166667,167188.797227081,232,515556.5995,11
"11112",50000,"Y2","Fall","Ear Hanging",2.63674573673993,10,Aug 2035,0,3752,5280,600,17832,10,153172.93,1984777.19,38281,57.54,2.27,6.2,0.01,73.21,4,6.48,292.91,474.44,10,6000,1200,60000,45000,22877.2591666667,135340.933740341,28,339765.162916667,1
"11113",60000,"Y2","Fall","Ear Hanging",5.27349147347986,10,Aug 2035,0,4154,5760,600,20154,10,156794.39,2028843.78,45938,57.54,2.27,6.2,0.01,73.21,3.41,5.52,249.86,404.14,10,6000,1200,60000,45000,23913.041,136640.390147348,31,349168.468833333,2
"11114",70000,"Y2","Fall","Ear Hanging",5.27349147347986,10,Aug 2035,0,4824,6560,600,23384,10,160591.79,2067704.8,53594,57.54,2.27,6.2,0.01,73.21,3,4.82,219.36,353.04,10,6000,1200,60000,45000,24480.4395,137207.788647348,36,351561.408083333,2
"11115",80000,"Y2","Fall","Ear Hanging",5.27349147347986,10,Aug 2035,0,5226,7040,600,25706,10,163482.9,2096737.64,61250,57.54,2.27,6.2,0.01,73.21,2.67,4.28,195.39,313.25,10,6000,1200,60000,45000,25049.5546666667,137776.903814015,39,353964.714,2
"11116",90000,"Y2","Fall","Ear Hanging",5.27349147347986,10,Aug 2035,0,5494,7360,600,27254,10,165597.22,2118745.67,68906,57.54,2.27,6.2,0.01,73.21,2.4,3.84,175.93,281.37,10,6000,1200,60000,45000,25615.8698333333,138343.218980681,41,356340.019916667,2
"11117",100000,"Y2","Fall","Ear Hanging",5.27349147347986,10,Aug 2035,0,6700,8800,600,32140,10,171050.62,2174274.69,76562,57.54,2.27,6.2,0.01,73.21,2.23,3.55,163.55,259.87,10,6000,1200,60000,45000,26183.2683333333,138910.617480681,50,358732.959166667,2
"11118",110000,"Y2","Fall","Ear Hanging",7.91023721021979,10,Aug 2035,0,7236,9440,600,34916,10,175126.07,2223335.28,84219,57.54,2.27,6.2,0.01,73.21,2.08,3.3,152.22,241.57,10,6000,1200,60000,45000,27219.0501666667,140210.073887689,54,368136.265083333,3
"11119",120000,"Y2","Fall","Ear Hanging",7.91023721021979,10,Aug 2035,0,7906,10240,600,38146,10,178925.19,2262222.12,91875,57.54,2.27,6.2,0.01,73.21,1.95,3.08,142.57,225.31,10,6000,1200,60000,45000,27788.1653333333,140779.189054355,59,370539.571,3
"11120",130000,"Y2","Fall","Ear Hanging",7.91023721021979,10,Aug 2035,0,8308,10720,600,40468,10,181811.79,2291170.34,99531,57.54,2.27,6.2,0.01,73.21,1.83,2.88,133.72,210.64,10,6000,1200,60000,45000,28352.7638333333,141343.787554355,62,372904.51025,3
"11121",140000,"Y2","Fall","Ear Hanging",7.91023721021979,10,Aug 2035,0,8978,11520,600,43698,10,185610.9,2330057.18,107188,57.54,2.27,6.2,0.01,73.21,1.73,2.72,126.77,198.92,10,6000,1200,60000,45000,28921.879,141912.902721022,67,375307.816166667,3
"11122",150000,"Y2","Fall","Ear Hanging",7.91023721021979,10,Aug 2035,0,9648,12320,600,46608,10,189090.02,2365558.01,114844,57.54,2.27,6.2,0.01,73.21,1.65,2.57,120.53,188.49,10,6000,1200,60000,45000,29490.9941666667,142482.017887689,72,377711.122083333,3
"11123",160000,"Y2","Fall","Ear Hanging",7.91023721021979,10,Aug 2035,0,9916,12640,600,48156,10,191205.42,2387599.03,122500,57.54,2.27,6.2,0.01,73.21,1.56,2.44,114.26,178.35,10,6000,1200,60000,45000,30058.3926666667,143049.416387689,74,380104.061333333,3
"11124",170000,"Y2","Fall","Ear Hanging",10.5469829469597,10,Aug 2035,0,10720,13600,600,52160,10,196508.87,2448485.63,130156,57.54,2.27,6.2,0.01,73.21,1.51,2.35,110.52,172.14,10,6000,1200,60000,45000,31094.1745,144348.872794696,80,389507.36725,4
"11125",180000,"Y2","Fall","Ear Hanging",10.5469829469597,10,Aug 2035,0,10988,13920,600,53708,10,198623.19,2470493.66,137812,57.54,2.27,6.2,0.01,73.21,1.44,2.24,105.51,164.04,10,6000,1200,60000,45000,31660.4896666667,144915.187961363,82,391882.673166667,4
"11126",190000,"Y2","Fall","Ear Hanging",10.5469829469597,10,Aug 2035,0,11792,14880,600,57712,10,203196.3,2516346.5,145469,57.54,2.27,6.2,0.01,73.21,1.4,2.16,102.26,158.29,10,6000,1200,60000,45000,32229.6048333333,145484.303128029,88,394285.979083333,4
"11127",200000,"Y2","Fall","Ear Hanging",10.5469829469597,10,Aug 2035,0,12596,15840,600,60916,10,206967.7,2555055.52,153125,57.54,2.27,6.2,0.01,73.21,1.35,2.09,98.95,152.69,10,6000,1200,60000,45000,32797.0033333333,146051.701628029,94,396678.918333333,4
"11128",210000,"Y2","Fall","Ear Hanging",10.5469829469597,10,Aug 2035,0,13400,16800,600,64600,10,211220.82,2598936.36,160781,57.54,2.27,6.2,0.01,73.21,1.31,2.02,96.17,147.92,10,6000,1200,60000,45000,33366.1185,146620.816794696,100,399082.22425,4
"11129",220000,"Y2","Fall","Ear Hanging",13.1837286836996,10,Aug 2035,0,13802,17280,600,66922,10,214839.47,2642944.15,168438,57.54,2.27,6.2,0.01,73.21,1.28,1.96,93.37,143.58,10,6000,1200,60000,45000,34399.1003333333,147917.473201703,103,408457.530166667,5
"11130",230000,"Y2","Fall","Ear Hanging",13.1837286836996,10,Aug 2035,0,14472,18080,600,70152,10,218636.87,2681805.17,176094,57.54,2.27,6.2,0.01,73.21,1.24,1.9,90.89,139.36,10,6000,1200,60000,45000,34966.4988333333,148484.871701703,108,410850.469416667,5
"11131",240000,"Y2","Fall","Ear Hanging",13.1837286836996,10,Aug 2035,0,14874,18560,600,72474,10,221527.99,2710838,183750,57.54,2.27,6.2,0.01,73.21,1.21,1.84,88.26,135,10,6000,1200,60000,45000,35535.614,149053.98686837,111,413253.775333333,5
"11132",250000,"Y2","Fall","Ear Hanging",13.1837286836996,10,Aug 2035,0,15410,19200,600,74610,10,224233.1,2739372.84,191406,57.54,2.27,6.2,0.01,73.21,1.17,1.79,85.76,130.96,10,6000,1200,60000,45000,36104.7291666667,149623.102035037,115,415657.08125,5
"11133",260000,"Y2","Fall","Ear Hanging",13.1837286836996,10,Aug 2035,0,16214,20160,600,78614,10,228801.7,2785141.06,199062,57.54,2.27,6.2,0.01,73.21,1.15,1.75,84.14,128.03,10,6000,1200,60000,45000,36669.3276666667,150187.700535037,121,418022.0205,5
"11134",270000,"Y2","Fall","Ear Hanging",13.1837286836996,10,Aug 2035,0,16482,20480,600,80162,10,230918.82,2807207.9,206719,57.54,2.27,6.2,0.01,73.21,1.12,1.7,81.78,124.26,10,6000,1200,60000,45000,37238.4428333333,150756.815701703,123,420425.326416667,5
"11135",280000,"Y2","Fall","Ear Hanging",15.8204744204396,10,Aug 2035,0,17286,21440,600,84166,10,236222.27,2868094.49,214375,57.54,2.27,6.2,0.01,73.21,1.1,1.67,80.67,122.43,10,6000,1200,60000,45000,38274.2246666667,152056.272108711,129,429828.632333333,6
"11136",290000,"Y2","Fall","Ear Hanging",15.8204744204396,10,Aug 2035,0,18090,22400,600,87370,10,239993.67,2906803.51,222031,57.54,2.27,6.2,0.01,73.21,1.08,1.64,79.13,119.8,10,6000,1200,60000,45000,38841.6231666667,152623.670608711,135,432221.571583333,6
"11137",300000,"Y2","Fall","Ear Hanging",15.8204744204396,10,Aug 2035,0,18760,23200,600,90600,10,243792.79,2945690.35,229688,57.54,2.27,6.2,0.01,73.21,1.06,1.6,77.7,117.36,10,6000,1200,60000,45000,39410.7383333333,153192.785775377,140,434624.8775,6
"11138",310000,"Y2","Fall","Ear Hanging",15.8204744204396,10,Aug 2035,0,19296,23840,600,93376,10,247135.1,2979658.38,237344,57.54,2.27,6.2,0.01,73.21,1.04,1.57,76.23,114.88,10,6000,1200,60000,45000,39977.0535,153759.100942044,144,437000.183416667,6
"11139",320000,"Y2","Fall","Ear Hanging",15.8204744204396,10,Aug 2035,0,19564,24160,600,94924,10,249250.5,3001699.4,245000,57.54,2.27,6.2,0.01,73.21,1.02,1.53,74.48,112.11,10,6000,1200,60000,45000,40544.452,154326.499442044,146,439393.122666667,6
"11140",330000,"Y2","Fall","Ear Hanging",18.4572201571795,10,Aug 2035,0,20368,25120,600,98928,10,254553.96,3062585.99,252656,57.54,2.27,6.2,0.01,73.21,1.01,1.52,73.76,110.92,10,6000,1200,60000,45000,41580.2338333333,155625.955849051,152,448796.428583333,7
"11141",340000,"Y2","Fall","Ear Hanging",18.4572201571795,10,Aug 2035,0,20904,25760,600,101064,10,257259.07,3091120.83,260312,57.54,2.27,6.2,0.01,73.21,0.99,1.48,72.35,108.66,10,6000,1200,60000,45000,42149.349,156195.071015718,156,451199.7345,7
"11142",350000,"Y2","Fall","Ear Hanging",18.4572201571795,10,Aug 2035,0,21708,26720,600,105068,10,261829.39,3136914.87,267969,57.54,2.27,6.2,0.01,73.21,0.98,1.46,71.53,107.12,10,6000,1200,60000,45000,42715.6641666667,156761.386182385,162,453575.040416667,7
"11143",360000,"Y2","Fall","Ear Hanging",18.4572201571795,10,Aug 2035,0,21976,27040,600,106616,10,263944.78,3158955.89,275625,57.54,2.27,6.2,0.01,73.21,0.96,1.43,70.1,104.88,10,6000,1200,60000,45000,43283.0626666667,157328.784682385,164,455967.979666667,7
"11144",370000,"Y2","Fall","Ear Hanging",18.4572201571795,10,Aug 2035,0,22780,28000,600,110620,10,268517.9,3204808.72,283281,57.54,2.27,6.2,0.01,73.21,0.95,1.41,69.39,103.52,10,6000,1200,60000,45000,43852.1778333333,157897.899849051,170,458371.285583333,7
"11145",380000,"Y2","Fall","Ear Hanging",21.0939658939194,10,Aug 2035,0,23048,28320,600,112168,10,271365.36,3241909.32,290938,57.54,2.27,6.2,0.01,73.21,0.93,1.39,68.28,101.97,10,6000,1200,60000,45000,44887.9596666667,159197.356256059,172,467774.5915,8
"11146",390000,"Y2","Fall","Ear Hanging",21.0939658939194,10,Aug 2035,0,24254,29760,600,117054,10,276815.95,3297379.54,298594,57.54,2.27,6.2,0.01,73.21,0.93,1.38,67.87,101.05,10,6000,1200,60000,45000,45452.5581666667,159761.954756059,181,470139.53075,8
"11147",400000,"Y2","Fall","Ear Hanging",21.0939658939194,10,Aug 2035,0,24656,30240,600,119376,10,279707.07,3326412.37,306250,57.54,2.27,6.2,0.01,73.21,0.91,1.36,66.86,99.39,10,6000,1200,60000,45000,46021.6733333333,160331.069922725,184,472542.836666667,8
"11148",410000,"Y2","Fall","Ear Hanging",21.0939658939194,10,Aug 2035,0,25058,30720,600,121378,10,282278.19,3353473.21,313906,57.54,2.27,6.2,0.01,73.21,0.9,1.34,65.83,97.76,10,6000,1200,60000,45000,46590.7885,160900.185089392,187,474946.142583333,8
"11149",420000,"Y2","Fall","Ear Hanging",21.0939658939194,10,Aug 2035,0,25862,31680,600,125382,10,286849.58,3399300.23,321562,57.54,2.27,6.2,0.01,73.21,0.89,1.32,65.3,96.73,10,6000,1200,60000,45000,47158.187,161467.583589392,193,477339.081833333,8
"11150",430000,"Y2","Fall","Ear Hanging",21.0939658939194,10,Aug 2035,0,26130,32000,600,126930,10,288966.7,3421367.07,329219,57.54,2.27,6.2,0.01,73.21,0.88,1.3,64.25,95.1,10,6000,1200,60000,45000,47727.3021666667,162036.698756059,195,479742.38775,8
"11151",440000,"Y2","Fall","Ear Hanging",23.7307116306594,10,Aug 2035,0,27202,33280,600,131522,10,294855.36,3488662.86,336875,57.54,2.27,6.2,0.01,73.21,0.88,1.29,64.07,94.76,10,6000,1200,60000,45000,48760.284,163333.355163066,203,489117.693666667,9
"11152",450000,"Y2","Fall","Ear Hanging",23.7307116306594,10,Aug 2035,0,27470,33600,600,133070,10,296970.75,3510703.88,344531,57.54,2.27,6.2,0.01,73.21,0.86,1.27,63.1,93.24,10,6000,1200,60000,45000,49327.6825,163900.753663066,205,491510.632916667,9
"11153",460000,"Y2","Fall","Ear Hanging",23.7307116306594,10,Aug 2035,0,28274,34560,600,137074,10,301543.87,3556556.71,352188,57.54,2.27,6.2,0.01,73.21,0.86,1.26,62.68,92.41,10,6000,1200,60000,45000,49896.7976666667,164469.868829733,211,493913.938833333,9
"11154",470000,"Y2","Fall","Ear Hanging",23.7307116306594,10,Aug 2035,0,28542,34880,600,138622,10,303660.98,3578623.55,359844,57.54,2.27,6.2,0.01,73.21,0.84,1.24,61.78,91,10,6000,1200,60000,45000,50465.9128333333,165038.983996399,213,496317.24475,9
"11155",480000,"Y2","Fall","Ear Hanging",23.7307116306594,10,Aug 2035,0,28944,35360,600,140944,10,306547.58,3607571.77,367500,57.54,2.27,6.2,0.01,73.21,0.83,1.23,61.06,89.83,10,6000,1200,60000,45000,51030.5113333333,165603.582496399,216,498682.184,9
"11156",490000,"Y2","Fall","Ear Hanging",26.3674573673993,10,Aug 2035,0,30150,36800,600,145830,10,312733.04,3678160.36,375156,57.54,2.27,6.2,0.01,73.21,0.83,1.23,61.02,89.72,10,6000,1200,60000,45000,52066.2931666667,166903.038903407,225,508085.489916667,10
"11157",500000,"Y2","Fall","Ear Hanging",26.3674573673993,10,Aug 2035,0,30418,37120,600,147378,10,314850.15,3700227.2,382812,57.54,2.27,6.2,0.01,73.21,0.82,1.21,60.21,88.45,10,6000,1200,60000,45000,52635.4083333333,167472.154070073,227,510488.795833333,10
"11158",510000,"Y2","Fall","Ear Hanging",26.3674573673993,10,Aug 2035,0,31356,38240,600,151836,10,319877.27,3751074.04,390469,57.54,2.27,6.2,0.01,73.21,0.82,1.2,59.97,87.91,10,6000,1200,60000,45000,53204.5235,168041.26923674,234,512892.10175,10
"11168",50000,"Y3","Fall","Ear Hanging",5.27349147347986,10,Aug 2035,0,4958,6720,600,23838,10,160582.25,2053138.2,33496,100.62,3.96,23.23,0.05,19.53,4.79,7.66,93.62,149.62,10,6000,1200,60000,45000,24016.89875,136744.247897348,37,349909.035833333,2
"11169",60000,"Y3","Fall","Ear Hanging",5.27349147347986,10,Aug 2035,0,5360,7200,600,25680,10,163128.86,2078031.87,40195,100.62,3.96,23.23,0.05,19.53,4.06,6.46,79.25,126.2,10,6000,1200,60000,45000,24721.5118333333,137448.860980681,40,352948.789666667,2
"11170",70000,"Y3","Fall","Ear Hanging",5.27349147347986,10,Aug 2035,0,6298,8320,600,30458,10,168605.24,2130922.82,46895,100.62,3.96,23.23,0.05,19.53,3.6,5.68,70.21,110.92,10,6000,1200,60000,45000,25419.8915833333,138147.240730681,47,355939.810166667,2
"11171",80000,"Y3","Fall","Ear Hanging",7.91023721021979,10,Aug 2035,0,6700,8800,600,32940,10,172519.4,2176551.44,53594,100.62,3.96,23.23,0.05,19.53,3.22,5.08,62.86,99.13,10,6000,1200,60000,45000,26588.3713333333,139579.395054355,50,365951.564,3
"11172",90000,"Y3","Fall","Ear Hanging",7.91023721021979,10,Aug 2035,0,7102,9280,600,35262,10,175546.01,2204991.11,60293,100.62,3.96,23.23,0.05,19.53,2.91,4.57,56.86,89.27,10,6000,1200,60000,45000,27292.9844166667,140284.008137689,53,368991.317833333,3
"11173",100000,"Y3","Fall","Ear Hanging",7.91023721021979,10,Aug 2035,0,8710,11200,600,41830,10,182812.39,2275756.06,66992,100.62,3.96,23.23,0.05,19.53,2.73,4.25,53.29,82.92,10,6000,1200,60000,45000,27991.3641666667,140982.387887689,65,371982.338333333,3
"11174",110000,"Y3","Fall","Ear Hanging",7.91023721021979,10,Aug 2035,0,9380,12000,600,45060,10,186747,2314049.73,73691,100.62,3.96,23.23,0.05,19.53,2.53,3.93,49.49,76.65,10,6000,1200,60000,45000,28695.97725,141687.000971022,70,375022.092166667,3
"11175",120000,"Y3","Fall","Ear Hanging",10.5469829469597,10,Aug 2035,0,10184,12960,600,48904,10,192023.16,2373618.35,80391,100.62,3.96,23.23,0.05,19.53,2.39,3.69,46.64,72.07,10,6000,1200,60000,45000,29864.457,143119.155294696,76,385033.846,4
"11176",130000,"Y3","Fall","Ear Hanging",10.5469829469597,10,Aug 2035,0,10720,13600,600,52160,10,195980.34,2410414.1,87090,100.62,3.96,23.23,0.05,19.53,2.25,3.46,43.94,67.56,10,6000,1200,60000,45000,30565.63675,143820.335044696,80,388052.8665,4
"11177",140000,"Y3","Fall","Ear Hanging",10.5469829469597,10,Aug 2035,0,11524,14560,600,56004,10,200526.15,2454948.97,93789,100.62,3.96,23.23,0.05,19.53,2.14,3.27,41.75,63.89,10,6000,1200,60000,45000,31267.4498333333,144522.148128029,86,391064.620333333,4
"11178",150000,"Y3","Fall","Ear Hanging",13.1837286836996,10,Aug 2035,0,12194,15360,600,59074,10,205031.1,2507104.39,100488,100.62,3.96,23.23,0.05,19.53,2.04,3.12,39.84,60.9,10,6000,1200,60000,45000,32438.7295833333,145957.102451703,91,401104.374166667,5
"11179",160000,"Y3","Fall","Ear Hanging",13.1837286836996,10,Aug 2035,0,12730,16000,600,61850,10,208505.48,2540295.34,107188,100.62,3.96,23.23,0.05,19.53,1.95,2.96,37.99,57.85,10,6000,1200,60000,45000,33137.1093333333,146655.482201703,95,404095.394666667,5
"11180",170000,"Y3","Fall","Ear Hanging",13.1837286836996,10,Aug 2035,0,13534,16960,600,65694,10,213054.1,2584889.01,113887,100.62,3.96,23.23,0.05,19.53,1.87,2.84,36.53,55.4,10,6000,1200,60000,45000,33841.7224166667,147360.095285037,101,407135.1485,5
"11181",180000,"Y3","Fall","Ear Hanging",13.1837286836996,10,Aug 2035,0,14070,17600,600,68950,10,217011.91,2621675.88,120586,100.62,3.96,23.23,0.05,19.53,1.8,2.72,35.14,53.07,10,6000,1200,60000,45000,34543.5355,148061.90836837,105,410146.902333333,5
"11182",190000,"Y3","Fall","Ear Hanging",15.8204744204396,10,Aug 2035,0,15008,18720,600,73728,10,223224.86,2689709.3,127285,100.62,3.96,23.23,0.05,19.53,1.75,2.64,34.25,51.58,10,6000,1200,60000,45000,35714.81525,149496.862692044,112,420186.656166667,6
"11183",200000,"Y3","Fall","Ear Hanging",15.8204744204396,10,Aug 2035,0,15946,19840,600,77066,10,227261.24,2729722.25,133984,100.62,3.96,23.23,0.05,19.53,1.7,2.55,33.12,49.73,10,6000,1200,60000,45000,36413.195,150195.242442044,119,423177.676666667,6
"11184",210000,"Y3","Fall","Ear Hanging",15.8204744204396,10,Aug 2035,0,17152,21280,600,82592,10,233491.86,2790361.92,140684,100.62,3.96,23.23,0.05,19.53,1.66,2.48,32.41,48.42,10,6000,1200,60000,45000,37117.8080833333,150899.855525377,128,426217.4305,6
"11185",220000,"Y3","Fall","Ear Hanging",15.8204744204396,10,Aug 2035,0,17688,21920,600,85848,10,237449.67,2827148.79,147383,100.62,3.96,23.23,0.05,19.53,1.61,2.4,31.46,46.82,10,6000,1200,60000,45000,37819.6211666667,151601.668608711,132,429229.184333333,6
"11186",230000,"Y3","Fall","Ear Hanging",18.4572201571795,10,Aug 2035,0,18492,22880,600,89692,10,242725.19,2886726.29,154082,100.62,3.96,23.23,0.05,19.53,1.58,2.34,30.76,45.73,10,6000,1200,60000,45000,38987.4675833333,153033.189599051,138,439248.204833333,7
"11187",240000,"Y3","Fall","Ear Hanging",18.4572201571795,10,Aug 2035,0,18894,23360,600,92174,10,245909,2917321.16,160781,100.62,3.96,23.23,0.05,19.53,1.53,2.27,29.87,44.29,10,6000,1200,60000,45000,39689.2806666667,153735.002682385,141,442259.958666667,7
"11188",250000,"Y3","Fall","Ear Hanging",18.4572201571795,10,Aug 2035,0,19430,24000,600,94310,10,248749.62,2946036.83,167480,100.62,3.96,23.23,0.05,19.53,1.49,2.2,29,42.94,10,6000,1200,60000,45000,40393.89375,154439.615765718,145,445299.7125,7
"11189",260000,"Y3","Fall","Ear Hanging",21.0939658939194,10,Aug 2035,0,20636,25440,600,100156,10,256024.34,3022799.53,174180,100.62,3.96,23.23,0.05,19.53,1.47,2.17,28.7,42.36,10,6000,1200,60000,45000,41558.9401666667,155868.336756059,154,455290.733,8
"11190",270000,"Y3","Fall","Ear Hanging",21.0939658939194,10,Aug 2035,0,21038,25920,600,102638,10,259210.95,3053453.2,180879,100.62,3.96,23.23,0.05,19.53,1.43,2.11,27.98,41.21,10,6000,1200,60000,45000,42263.55325,156572.949839392,157,458330.486833333,8
"11191",280000,"Y3","Fall","Ear Hanging",21.0939658939194,10,Aug 2035,0,21842,26880,600,106482,10,263756.76,3097988.07,187578,100.62,3.96,23.23,0.05,19.53,1.41,2.06,27.46,40.31,10,6000,1200,60000,45000,42965.3663333333,157274.762922725,163,461342.240666667,8
"11192",290000,"Y3","Fall","Ear Hanging",21.0939658939194,10,Aug 2035,0,22914,28160,600,110754,10,268729.94,3146465.82,194277,100.62,3.96,23.23,0.05,19.53,1.38,2.02,27.01,39.53,10,6000,1200,60000,45000,43666.5460833333,157975.942672725,171,464361.261166667,8
"11193",300000,"Y3","Fall","Ear Hanging",23.7307116306594,10,Aug 2035,0,23852,29280,600,115532,10,274940.1,3214440.44,200977,100.62,3.96,23.23,0.05,19.53,1.37,2,26.71,39.04,10,6000,1200,60000,45000,44835.0258333333,159408.096996399,178,474373.015,9
"11194",310000,"Y3","Fall","Ear Hanging",23.7307116306594,10,Aug 2035,0,24522,30080,600,118602,10,278714.71,3250520.11,207676,100.62,3.96,23.23,0.05,19.53,1.34,1.96,26.21,38.21,10,6000,1200,60000,45000,45539.6389166667,160112.710079733,183,477412.768833333,9
"11195",320000,"Y3","Fall","Ear Hanging",23.7307116306594,10,Aug 2035,0,24924,30560,600,121084,10,281895.09,3281065.06,214375,100.62,3.96,23.23,0.05,19.53,1.31,1.91,25.68,37.36,10,6000,1200,60000,45000,46238.0186666667,160811.089829733,186,480403.789333333,9
"11196",330000,"Y3","Fall","Ear Hanging",23.7307116306594,10,Aug 2035,0,25862,31680,600,125862,10,287377.7,3334064.73,221074,100.62,3.96,23.23,0.05,19.53,1.3,1.89,25.38,36.81,10,6000,1200,60000,45000,46942.63175,161515.702913066,193,483443.543166667,9
"11197",340000,"Y3","Fall","Ear Hanging",26.3674573673993,10,Aug 2035,0,26398,32320,600,127998,10,290945.86,3377755.35,227773,100.62,3.96,23.23,0.05,19.53,1.28,1.85,24.94,36.2,10,6000,1200,60000,45000,48111.1115,162947.85723674,197,493455.297,10
"11198",350000,"Y3","Fall","Ear Hanging",26.3674573673993,10,Aug 2035,0,27470,33600,600,133550,10,297202.47,3436947.02,234473,100.62,3.96,23.23,0.05,19.53,1.27,1.83,24.75,35.78,10,6000,1200,60000,45000,48815.7245833333,163652.470320073,205,496495.050833333,10
"11199",360000,"Y3","Fall","Ear Hanging",26.3674573673993,10,Aug 2035,0,27872,34080,600,135392,10,299742.85,3461731.97,241172,100.62,3.96,23.23,0.05,19.53,1.24,1.79,24.27,35.04,10,6000,1200,60000,45000,49514.1043333333,164350.850070073,208,499486.071333333,10
"11200",370000,"Y3","Fall","Ear Hanging",29.0042031041392,10,Aug 2035,0,28810,35200,600,140170,10,305955.8,3529765.4,247871,100.62,3.96,23.23,0.05,19.53,1.23,1.78,24.1,34.76,10,6000,1200,60000,45000,50685.3840833333,165785.804393747,215,509525.825166667,11
"11201",380000,"Y3","Fall","Ear Hanging",29.0042031041392,10,Aug 2035,0,29212,35680,600,142652,10,309139.62,3560360.26,254570,100.62,3.96,23.23,0.05,19.53,1.21,1.75,23.71,34.14,10,6000,1200,60000,45000,51387.1971666667,166487.617477081,218,512537.579,11
"11202",390000,"Y3","Fall","Ear Hanging",29.0042031041392,10,Aug 2035,0,30820,37600,600,149060,10,316248.8,3628970.02,261270,100.62,3.96,23.23,0.05,19.53,1.21,1.74,23.64,33.9,10,6000,1200,60000,45000,52088.3769166667,167188.797227081,230,515556.5995,11
"11203",400000,"Y3","Fall","Ear Hanging",29.0042031041392,10,Aug 2035,0,31222,38080,600,151542,10,319432.61,3659564.88,267969,100.62,3.96,23.23,0.05,19.53,1.19,1.71,23.28,33.34,10,6000,1200,60000,45000,52790.19,167890.610310414,233,518568.353333333,11
"11224",50000,"Y2","Spring","Ear Hanging",2.63674573673993,10,Aug 2035,0,4824,6560,600,23704,10,159044.93,2037625.19,36686,83.88,3.3,11.9,0.03,38.11,4.34,6.94,165.23,264.61,10,6000,1200,60000,45000,22877.2591666667,135340.933740341,36,339765.162916667,1
"11225",60000,"Y2","Spring","Ear Hanging",5.27349147347986,10,Aug 2035,0,5226,7040,600,25546,10,162186.39,2077371.78,44023,83.88,3.3,11.9,0.03,38.11,3.68,5.9,140.41,224.81,10,6000,1200,60000,45000,23913.041,136640.390147348,39,349168.468833333,2
"11226",70000,"Y2","Spring","Ear Hanging",5.27349147347986,10,Aug 2035,0,6298,8320,600,31098,10,168305.79,2137130.8,51361,83.88,3.3,11.9,0.03,38.11,3.28,5.2,124.9,198.24,10,6000,1200,60000,45000,24480.4395,137207.788647348,47,351561.408083333,2
"11227",80000,"Y2","Spring","Ear Hanging",5.27349147347986,10,Aug 2035,0,6700,8800,600,33580,10,171356.9,2167603.64,58698,83.88,3.3,11.9,0.03,38.11,2.92,4.62,111.27,175.93,10,6000,1200,60000,45000,25049.5546666667,137776.903814015,50,353964.714,2
"11228",90000,"Y2","Spring","Ear Hanging",5.27349147347986,10,Aug 2035,0,7102,9280,600,35902,10,174245.22,2196577.67,66035,83.88,3.3,11.9,0.03,38.11,2.64,4.16,100.57,158.48,10,6000,1200,60000,45000,25615.8698333333,138343.218980681,53,356340.019916667,2
"11229",100000,"Y2","Spring","Ear Hanging",5.27349147347986,10,Aug 2035,0,8442,10880,600,41562,10,180472.62,2259072.69,73372,83.88,3.3,11.9,0.03,38.11,2.46,3.85,93.75,146.69,10,6000,1200,60000,45000,26183.2683333333,138910.617480681,63,358732.959166667,2
"11230",110000,"Y2","Spring","Ear Hanging",7.91023721021979,10,Aug 2035,0,9112,11680,600,44792,10,185002.07,2312219.28,80710,83.88,3.3,11.9,0.03,38.11,2.29,3.58,87.36,136.49,10,6000,1200,60000,45000,27219.0501666667,140210.073887689,68,368136.265083333,3
"11231",120000,"Y2","Spring","Ear Hanging",7.91023721021979,10,Aug 2035,0,10050,12800,600,49410,10,190189.19,2363598.12,88047,83.88,3.3,11.9,0.03,38.11,2.16,3.36,82.33,127.89,10,6000,1200,60000,45000,27788.1653333333,140779.189054355,75,370539.571,3
"11232",130000,"Y2","Spring","Ear Hanging",7.91023721021979,10,Aug 2035,0,10452,13280,600,51892,10,193235.79,2393986.34,95384,83.88,3.3,11.9,0.03,38.11,2.03,3.14,77.21,119.57,10,6000,1200,60000,45000,28352.7638333333,141343.787554355,78,372904.51025,3
"11233",140000,"Y2","Spring","Ear Hanging",7.91023721021979,10,Aug 2035,0,11390,14400,600,56510,10,198422.9,2445365.18,102721,83.88,3.3,11.9,0.03,38.11,1.93,2.98,73.62,113.42,10,6000,1200,60000,45000,28921.879,141912.902721022,85,375307.816166667,3
"11234",150000,"Y2","Spring","Ear Hanging",7.91023721021979,10,Aug 2035,0,12060,15200,600,59580,10,202062.02,2482306.01,110059,83.88,3.3,11.9,0.03,38.11,1.84,2.82,69.98,107.45,10,6000,1200,60000,45000,29490.9941666667,142482.017887689,90,377711.122083333,3
"11235",160000,"Y2","Spring","Ear Hanging",7.91023721021979,10,Aug 2035,0,12730,16000,600,63130,10,206179.42,2522365.03,117396,83.88,3.3,11.9,0.03,38.11,1.76,2.69,66.94,102.36,10,6000,1200,60000,45000,30058.3926666667,143049.416387689,95,380104.061333333,3
"11236",170000,"Y2","Spring","Ear Hanging",10.5469829469597,10,Aug 2035,0,13534,16960,600,66974,10,211322.87,2581811.63,124733,83.88,3.3,11.9,0.03,38.11,1.69,2.59,64.57,98.61,10,6000,1200,60000,45000,31094.1745,144348.872794696,101,389507.36725,4
"11237",180000,"Y2","Spring","Ear Hanging",10.5469829469597,10,Aug 2035,0,14070,17600,600,70230,10,215145.19,2619191.66,132070,83.88,3.3,11.9,0.03,38.11,1.63,2.48,62.09,94.48,10,6000,1200,60000,45000,31660.4896666667,144915.187961363,105,391882.673166667,4
"11238",190000,"Y2","Spring","Ear Hanging",10.5469829469597,10,Aug 2035,0,15008,18720,600,75008,10,220492.3,2672010.5,139408,83.88,3.3,11.9,0.03,38.11,1.58,2.4,60.28,91.32,10,6000,1200,60000,45000,32229.6048333333,145484.303128029,112,394285.979083333,4
"11239",200000,"Y2","Spring","Ear Hanging",10.5469829469597,10,Aug 2035,0,15678,19520,600,77438,10,223489.7,2703753.52,146745,83.88,3.3,11.9,0.03,38.11,1.52,2.3,58.05,87.78,10,6000,1200,60000,45000,32797.0033333333,146051.701628029,117,396678.918333333,4
"11240",210000,"Y2","Spring","Ear Hanging",10.5469829469597,10,Aug 2035,0,17018,21120,600,83738,10,230358.82,2771178.36,154082,83.88,3.3,11.9,0.03,38.11,1.5,2.25,56.98,85.69,10,6000,1200,60000,45000,33366.1185,146620.816794696,127,399082.22425,4
"11241",220000,"Y2","Spring","Ear Hanging",13.1837286836996,10,Aug 2035,0,17420,21600,600,86220,10,234137.47,2816626.15,161419,83.88,3.3,11.9,0.03,38.11,1.45,2.18,55.28,83.13,10,6000,1200,60000,45000,34399.1003333333,147917.473201703,130,408457.530166667,5
"11242",230000,"Y2","Spring","Ear Hanging",13.1837286836996,10,Aug 2035,0,18358,22720,600,90838,10,239322.87,2867979.17,168757,83.88,3.3,11.9,0.03,38.11,1.42,2.12,54.05,80.97,10,6000,1200,60000,45000,34966.4988333333,148484.871701703,137,410850.469416667,5
"11243",240000,"Y2","Spring","Ear Hanging",13.1837286836996,10,Aug 2035,0,18760,23200,600,93320,10,242373.99,2898452,176094,83.88,3.3,11.9,0.03,38.11,1.38,2.06,52.46,78.42,10,6000,1200,60000,45000,35535.614,149053.98686837,140,413253.775333333,5
"11244",250000,"Y2","Spring","Ear Hanging",13.1837286836996,10,Aug 2035,0,19430,24000,600,96230,10,245853.1,2933952.84,183431,83.88,3.3,11.9,0.03,38.11,1.34,2,51.08,76.2,10,6000,1200,60000,45000,36104.7291666667,149623.102035037,145,415657.08125,5
"11245",260000,"Y2","Spring","Ear Hanging",13.1837286836996,10,Aug 2035,0,20502,25280,600,101302,10,251489.7,2989333.06,190768,83.88,3.3,11.9,0.03,38.11,1.32,1.96,50.25,74.66,10,6000,1200,60000,45000,36669.3276666667,150187.700535037,153,418022.0205,5
"11246",270000,"Y2","Spring","Ear Hanging",13.1837286836996,10,Aug 2035,0,21038,25920,600,104558,10,255314.82,3026771.9,198105,83.88,3.3,11.9,0.03,38.11,1.29,1.91,49.12,72.79,10,6000,1200,60000,45000,37238.4428333333,150756.815701703,157,420425.326416667,5
"11247",280000,"Y2","Spring","Ear Hanging",15.8204744204396,10,Aug 2035,0,21842,26880,600,108402,10,260458.27,3086218.49,205443,83.88,3.3,11.9,0.03,38.11,1.27,1.88,48.32,71.57,10,6000,1200,60000,45000,38274.2246666667,152056.272108711,163,429828.632333333,6
"11248",290000,"Y2","Spring","Ear Hanging",15.8204744204396,10,Aug 2035,0,22646,27840,600,111766,10,264389.67,3126367.51,212780,83.88,3.3,11.9,0.03,38.11,1.24,1.84,47.36,70,10,6000,1200,60000,45000,38841.6231666667,152623.670608711,169,432221.571583333,6
"11249",300000,"Y2","Spring","Ear Hanging",15.8204744204396,10,Aug 2035,0,23718,29120,600,117318,10,270510.79,3186152.35,220117,83.88,3.3,11.9,0.03,38.11,1.23,1.81,46.84,68.96,10,6000,1200,60000,45000,39410.7383333333,153192.785775377,177,434624.8775,6
"11250",310000,"Y2","Spring","Ear Hanging",15.8204744204396,10,Aug 2035,0,24254,29760,600,119614,10,273373.1,3215800.38,227454,83.88,3.3,11.9,0.03,38.11,1.2,1.77,45.81,67.36,10,6000,1200,60000,45000,39977.0535,153759.100942044,181,437000.183416667,6
"11251",320000,"Y2","Spring","Ear Hanging",15.8204744204396,10,Aug 2035,0,24790,30400,600,122870,10,277196.5,3253213.4,234792,83.88,3.3,11.9,0.03,38.11,1.18,1.73,45,66.01,10,6000,1200,60000,45000,40544.452,154326.499442044,185,439393.122666667,6
"11252",330000,"Y2","Spring","Ear Hanging",18.4572201571795,10,Aug 2035,0,25728,31520,600,127648,10,283273.96,3321065.99,242129,83.88,3.3,11.9,0.03,38.11,1.17,1.71,44.59,65.35,10,6000,1200,60000,45000,41580.2338333333,155625.955849051,192,448796.428583333,7
"11253",340000,"Y2","Spring","Ear Hanging",18.4572201571795,10,Aug 2035,0,26398,32320,600,130558,10,286753.07,3356566.83,249466,83.88,3.3,11.9,0.03,38.11,1.15,1.68,43.81,64.1,10,6000,1200,60000,45000,42149.349,156195.071015718,197,451199.7345,7
"11254",350000,"Y2","Spring","Ear Hanging",18.4572201571795,10,Aug 2035,0,27336,33440,600,135336,10,292097.39,3409326.87,256803,83.88,3.3,11.9,0.03,38.11,1.14,1.66,43.35,63.25,10,6000,1200,60000,45000,42715.6641666667,156761.386182385,204,453575.040416667,7
"11255",360000,"Y2","Spring","Ear Hanging",18.4572201571795,10,Aug 2035,0,27872,34080,600,137952,10,295280.78,3440979.89,264141,83.88,3.3,11.9,0.03,38.11,1.12,1.63,42.61,62.06,10,6000,1200,60000,45000,43283.0626666667,157328.784682385,208,455967.979666667,7
"11256",370000,"Y2","Spring","Ear Hanging",18.4572201571795,10,Aug 2035,0,28810,35200,600,142730,10,300627.9,3493798.72,271478,83.88,3.3,11.9,0.03,38.11,1.11,1.61,42.21,61.31,10,6000,1200,60000,45000,43852.1778333333,157897.899849051,215,458371.285583333,7
"11257",380000,"Y2","Spring","Ear Hanging",21.0939658939194,10,Aug 2035,0,29212,35680,600,145212,10,304409.36,3539305.32,278815,83.88,3.3,11.9,0.03,38.11,1.09,1.59,41.61,60.48,10,6000,1200,60000,45000,44887.9596666667,159197.356256059,218,467774.5915,8
"11258",390000,"Y2","Spring","Ear Hanging",21.0939658939194,10,Aug 2035,0,30552,37280,600,150712,10,310473.95,3600301.54,286152,83.88,3.3,11.9,0.03,38.11,1.08,1.57,41.35,59.94,10,6000,1200,60000,45000,45452.5581666667,159761.954756059,228,470139.53075,8
"11259",400000,"Y2","Spring","Ear Hanging",21.0939658939194,10,Aug 2035,0,30954,37760,600,153194,10,313525.07,3630774.37,293490,83.88,3.3,11.9,0.03,38.11,1.07,1.55,40.72,58.94,10,6000,1200,60000,45000,46021.6733333333,160331.069922725,231,472542.836666667,8
"11280",50000,"Y3","Spring","Ear Hanging",5.27349147347986,10,Aug 2035,0,4958,6720,600,23518,10,160262.25,2050578.2,32100,113.1,4.45,29.17,0.06,15.55,4.99,7.99,77.63,124.17,10,6000,1200,60000,45000,24016.89875,136744.247897348,37,349909.035833333,2
"11281",60000,"Y3","Spring","Ear Hanging",5.27349147347986,10,Aug 2035,0,5360,7200,600,25360,10,162808.86,2075471.87,38521,113.1,4.45,29.17,0.06,15.55,4.23,6.73,65.72,104.73,10,6000,1200,60000,45000,24721.5118333333,137448.860980681,40,352948.789666667,2
"11282",70000,"Y3","Spring","Ear Hanging",5.27349147347986,10,Aug 2035,0,6298,8320,600,30138,10,168285.24,2128362.82,44941,113.1,4.45,29.17,0.06,15.55,3.74,5.92,58.23,92.05,10,6000,1200,60000,45000,25419.8915833333,138147.240730681,47,355939.810166667,2
"11283",80000,"Y3","Spring","Ear Hanging",7.91023721021979,10,Aug 2035,0,6834,8960,600,33394,10,172973.4,2180183.44,51361,113.1,4.45,29.17,0.06,15.55,3.37,5.31,52.37,82.51,10,6000,1200,60000,45000,26588.3713333333,139579.395054355,51,365951.564,3
"11284",90000,"Y3","Spring","Ear Hanging",7.91023721021979,10,Aug 2035,0,7102,9280,600,34942,10,175226.01,2202431.11,57781,113.1,4.45,29.17,0.06,15.55,3.03,4.76,47.16,74.09,10,6000,1200,60000,45000,27292.9844166667,140284.008137689,53,368991.317833333,3
"11285",100000,"Y3","Spring","Ear Hanging",7.91023721021979,10,Aug 2035,0,8844,11360,600,41964,10,182946.39,2276828.06,64201,113.1,4.45,29.17,0.06,15.55,2.85,4.43,44.31,68.93,10,6000,1200,60000,45000,27991.3641666667,140982.387887689,66,371982.338333333,3
"11286",110000,"Y3","Spring","Ear Hanging",7.91023721021979,10,Aug 2035,0,9514,12160,600,45194,10,186881,2315121.73,70621,113.1,4.45,29.17,0.06,15.55,2.65,4.1,41.15,63.72,10,6000,1200,60000,45000,28695.97725,141687.000971022,71,375022.092166667,3
"11287",120000,"Y3","Spring","Ear Hanging",10.5469829469597,10,Aug 2035,0,10318,13120,600,49038,10,192157.16,2374690.35,77041,113.1,4.45,29.17,0.06,15.55,2.49,3.85,38.78,59.91,10,6000,1200,60000,45000,29864.457,143119.155294696,77,385033.846,4
"11288",130000,"Y3","Spring","Ear Hanging",10.5469829469597,10,Aug 2035,0,10720,13600,600,51520,10,195340.34,2405294.1,83461,113.1,4.45,29.17,0.06,15.55,2.34,3.6,36.39,56.02,10,6000,1200,60000,45000,30565.63675,143820.335044696,80,388052.8665,4
"11289",140000,"Y3","Spring","Ear Hanging",10.5469829469597,10,Aug 2035,0,11524,14560,600,55364,10,199886.15,2449828.97,89881,113.1,4.45,29.17,0.06,15.55,2.22,3.41,34.58,52.98,10,6000,1200,60000,45000,31267.4498333333,144522.148128029,86,391064.620333333,4
"11290",150000,"Y3","Spring","Ear Hanging",13.1837286836996,10,Aug 2035,0,12328,15520,600,59208,10,205165.1,2508176.39,96301,113.1,4.45,29.17,0.06,15.55,2.13,3.26,33.13,50.62,10,6000,1200,60000,45000,32438.7295833333,145957.102451703,92,401104.374166667,5
"11291",160000,"Y3","Spring","Ear Hanging",13.1837286836996,10,Aug 2035,0,12864,16160,600,61984,10,208639.48,2541367.34,102721,113.1,4.45,29.17,0.06,15.55,2.03,3.09,31.58,48.09,10,6000,1200,60000,45000,33137.1093333333,146655.482201703,96,404095.394666667,5
"11292",170000,"Y3","Spring","Ear Hanging",13.1837286836996,10,Aug 2035,0,13668,17120,600,65828,10,213188.1,2585961.01,109141,113.1,4.45,29.17,0.06,15.55,1.95,2.96,30.37,46.05,10,6000,1200,60000,45000,33841.7224166667,147360.095285037,102,407135.1485,5
"11293",180000,"Y3","Spring","Ear Hanging",13.1837286836996,10,Aug 2035,0,14070,17600,600,68310,10,216371.91,2616555.88,115562,113.1,4.45,29.17,0.06,15.55,1.87,2.83,29.11,44.01,10,6000,1200,60000,45000,34543.5355,148061.90836837,105,410146.902333333,5
"11294",190000,"Y3","Spring","Ear Hanging",15.8204744204396,10,Aug 2035,0,15008,18720,600,73088,10,222584.86,2684589.3,121982,113.1,4.45,29.17,0.06,15.55,1.82,2.75,28.37,42.78,10,6000,1200,60000,45000,35714.81525,149496.862692044,112,420186.656166667,6
"11295",200000,"Y3","Spring","Ear Hanging",15.8204744204396,10,Aug 2035,0,16080,20000,600,76880,10,227075.24,2728234.25,128402,113.1,4.45,29.17,0.06,15.55,1.77,2.66,27.5,41.3,10,6000,1200,60000,45000,36413.195,150195.242442044,120,423177.676666667,6
"11296",210000,"Y3","Spring","Ear Hanging",15.8204744204396,10,Aug 2035,0,17286,21440,600,82406,10,233305.86,2788873.92,134822,113.1,4.45,29.17,0.06,15.55,1.73,2.59,26.91,40.21,10,6000,1200,60000,45000,37117.8080833333,150899.855525377,129,426217.4305,6
"11297",220000,"Y3","Spring","Ear Hanging",15.8204744204396,10,Aug 2035,0,17822,22080,600,85662,10,237263.67,2825660.79,141242,113.1,4.45,29.17,0.06,15.55,1.68,2.5,26.12,38.89,10,6000,1200,60000,45000,37819.6211666667,151601.668608711,133,429229.184333333,6
"11298",230000,"Y3","Spring","Ear Hanging",18.4572201571795,10,Aug 2035,0,18626,23040,600,89506,10,242539.19,2885238.29,147662,113.1,4.45,29.17,0.06,15.55,1.64,2.44,25.54,37.98,10,6000,1200,60000,45000,38987.4675833333,153033.189599051,139,439248.204833333,7
"11299",240000,"Y3","Spring","Ear Hanging",18.4572201571795,10,Aug 2035,0,19028,23520,600,91988,10,245723,2915833.16,154082,113.1,4.45,29.17,0.06,15.55,1.59,2.37,24.8,36.78,10,6000,1200,60000,45000,39689.2806666667,153735.002682385,142,442259.958666667,7
"11300",250000,"Y3","Spring","Ear Hanging",18.4572201571795,10,Aug 2035,0,19564,24160,600,94124,10,248563.62,2944548.83,160502,113.1,4.45,29.17,0.06,15.55,1.55,2.29,24.08,35.66,10,6000,1200,60000,45000,40393.89375,154439.615765718,146,445299.7125,7
"11301",260000,"Y3","Spring","Ear Hanging",21.0939658939194,10,Aug 2035,0,20636,25440,600,99196,10,255064.34,3015119.53,166922,113.1,4.45,29.17,0.06,15.55,1.53,2.26,23.76,35.11,10,6000,1200,60000,45000,41558.9401666667,155868.336756059,154,455290.733,8
"11302",270000,"Y3","Spring","Ear Hanging",21.0939658939194,10,Aug 2035,0,21038,25920,600,101678,10,258250.95,3045773.2,173342,113.1,4.45,29.17,0.06,15.55,1.49,2.2,23.17,34.15,10,6000,1200,60000,45000,42263.55325,156572.949839392,157,458330.486833333,8
"11303",280000,"Y3","Spring","Ear Hanging",21.0939658939194,10,Aug 2035,0,21842,26880,600,105522,10,262796.76,3090308.07,179762,113.1,4.45,29.17,0.06,15.55,1.46,2.15,22.73,33.41,10,6000,1200,60000,45000,42965.3663333333,157274.762922725,163,461342.240666667,8
"11304",290000,"Y3","Spring","Ear Hanging",21.0939658939194,10,Aug 2035,0,23182,28480,600,111022,10,268997.94,3148609.82,186182,113.1,4.45,29.17,0.06,15.55,1.44,2.11,22.47,32.87,10,6000,1200,60000,45000,43666.5460833333,157975.942672725,173,464361.261166667,8
"11305",300000,"Y3","Spring","Ear Hanging",23.7307116306594,10,Aug 2035,0,24120,29600,600,115800,10,275208.1,3216584.44,192603,113.1,4.45,29.17,0.06,15.55,1.43,2.09,22.22,32.46,10,6000,1200,60000,45000,44835.0258333333,159408.096996399,180,474373.015,9
"11306",310000,"Y3","Spring","Ear Hanging",23.7307116306594,10,Aug 2035,0,24656,30240,600,118096,10,278208.71,3246472.11,199023,113.1,4.45,29.17,0.06,15.55,1.4,2.04,21.74,31.71,10,6000,1200,60000,45000,45539.6389166667,160112.710079733,184,477412.768833333,9
"11307",320000,"Y3","Spring","Ear Hanging",23.7307116306594,10,Aug 2035,0,25058,30720,600,120578,10,281389.09,3277017.06,205443,113.1,4.45,29.17,0.06,15.55,1.37,1.99,21.3,31,10,6000,1200,60000,45000,46238.0186666667,160811.089829733,187,480403.789333333,9
"11308",330000,"Y3","Spring","Ear Hanging",23.7307116306594,10,Aug 2035,0,25996,31840,600,125356,10,286871.7,3330016.73,211863,113.1,4.45,29.17,0.06,15.55,1.35,1.96,21.06,30.55,10,6000,1200,60000,45000,46942.63175,161515.702913066,194,483443.543166667,9
"11309",340000,"Y3","Spring","Ear Hanging",26.3674573673993,10,Aug 2035,0,26532,32480,600,127492,10,290439.86,3373707.35,218283,113.1,4.45,29.17,0.06,15.55,1.33,1.93,20.69,30.04,10,6000,1200,60000,45000,48111.1115,162947.85723674,198,493455.297,10
"11310",350000,"Y3","Spring","Ear Hanging",26.3674573673993,10,Aug 2035,0,27470,33600,600,132270,10,295922.47,3426707.02,224703,113.1,4.45,29.17,0.06,15.55,1.32,1.91,20.48,29.64,10,6000,1200,60000,45000,48815.7245833333,163652.470320073,205,496495.050833333,10
"11311",360000,"Y3","Spring","Ear Hanging",26.3674573673993,10,Aug 2035,0,28006,34240,600,134886,10,299236.85,3457683.97,231123,113.1,4.45,29.17,0.06,15.55,1.29,1.87,20.13,29.08,10,6000,1200,60000,45000,49514.1043333333,164350.850070073,209,499486.071333333,10
"11312",370000,"Y3","Spring","Ear Hanging",29.0042031041392,10,Aug 2035,0,28944,35360,600,139664,10,305449.8,3525717.4,237543,113.1,4.45,29.17,0.06,15.55,1.29,1.86,19.99,28.85,10,6000,1200,60000,45000,50685.3840833333,165785.804393747,216,509525.825166667,11
"11313",380000,"Y3","Spring","Ear Hanging",29.0042031041392,10,Aug 2035,0,29346,35840,600,142146,10,308633.62,3556312.26,243963,113.1,4.45,29.17,0.06,15.55,1.27,1.82,19.67,28.33,10,6000,1200,60000,45000,51387.1971666667,166487.617477081,219,512537.579,11
"11314",390000,"Y3","Spring","Ear Hanging",29.0042031041392,10,Aug 2035,0,30954,37760,600,148234,10,315422.8,3622362.02,250383,113.1,4.45,29.17,0.06,15.55,1.26,1.81,19.59,28.12,10,6000,1200,60000,45000,52088.3769166667,167188.797227081,231,515556.5995,11
"11315",400000,"Y3","Spring","Ear Hanging",29.0042031041392,10,Aug 2035,0,31356,38240,600,150716,10,318606.61,3652956.88,256803,113.1,4.45,29.17,0.06,15.55,1.24,1.78,19.29,27.65,10,6000,1200,60000,45000,52790.19,167890.610310414,234,518568.353333333,11
"11336",50000,"Y2","Summer","Ear Hanging",2.63674573673993,10,Aug 2035,0,4824,6560,600,23384,10,158724.93,2034745.19,35889,90.93,3.58,17.71,0.04,25.62,4.42,7.09,113.29,181.54,10,6000,1200,60000,45000,22877.2591666667,135340.933740341,36,339765.162916667,1
"11337",60000,"Y2","Summer","Ear Hanging",5.27349147347986,10,Aug 2035,0,5360,7200,600,26000,10,162640.39,2081457.78,43066,90.93,3.58,17.71,0.04,25.62,3.78,6.04,96.74,154.76,10,6000,1200,60000,45000,23913.041,136640.390147348,40,349168.468833333,2
"11338",70000,"Y2","Summer","Ear Hanging",5.27349147347986,10,Aug 2035,0,6298,8320,600,30778,10,167985.79,2134250.8,50244,90.93,3.58,17.71,0.04,25.62,3.34,5.31,85.64,136.01,10,6000,1200,60000,45000,24480.4395,137207.788647348,47,351561.408083333,2
"11339",80000,"Y2","Summer","Ear Hanging",5.27349147347986,10,Aug 2035,0,6834,8960,600,34034,10,171810.9,2171689.64,57422,90.93,3.58,17.71,0.04,25.62,2.99,4.73,76.64,121.1,10,6000,1200,60000,45000,25049.5546666667,137776.903814015,51,353964.714,2
"11340",90000,"Y2","Summer","Ear Hanging",5.27349147347986,10,Aug 2035,0,7102,9280,600,35582,10,173925.22,2193697.67,64600,90.93,3.58,17.71,0.04,25.62,2.69,4.24,68.97,108.73,10,6000,1200,60000,45000,25615.8698333333,138343.218980681,53,356340.019916667,2
"11341",100000,"Y2","Summer","Ear Hanging",5.27349147347986,10,Aug 2035,0,8576,11040,600,41696,10,180606.62,2260278.69,71777,90.93,3.58,17.71,0.04,25.62,2.52,3.94,64.45,100.83,10,6000,1200,60000,45000,26183.2683333333,138910.617480681,64,358732.959166667,2
"11342",110000,"Y2","Summer","Ear Hanging",7.91023721021979,10,Aug 2035,0,9380,12000,600,45700,10,185910.07,2320391.28,78955,90.93,3.58,17.71,0.04,25.62,2.35,3.67,60.32,94.1,10,6000,1200,60000,45000,27219.0501666667,140210.073887689,70,368136.265083333,3
"11343",120000,"Y2","Summer","Ear Hanging",7.91023721021979,10,Aug 2035,0,10184,12960,600,49544,10,190323.19,2364804.12,86133,90.93,3.58,17.71,0.04,25.62,2.21,3.43,56.6,87.91,10,6000,1200,60000,45000,27788.1653333333,140779.189054355,76,370539.571,3
"11344",130000,"Y2","Summer","Ear Hanging",7.91023721021979,10,Aug 2035,0,10720,13600,600,52800,10,194143.79,2402158.34,93311,90.93,3.58,17.71,0.04,25.62,2.08,3.22,53.3,82.43,10,6000,1200,60000,45000,28352.7638333333,141343.787554355,80,372904.51025,3
"11345",140000,"Y2","Summer","Ear Hanging",7.91023721021979,10,Aug 2035,0,11524,14560,600,56644,10,198556.9,2446571.18,100488,90.93,3.58,17.71,0.04,25.62,1.98,3.04,50.61,77.96,10,6000,1200,60000,45000,28921.879,141912.902721022,86,375307.816166667,3
"11346",150000,"Y2","Summer","Ear Hanging",7.91023721021979,10,Aug 2035,0,12194,15360,600,59714,10,202196.02,2483512.01,107666,90.93,3.58,17.71,0.04,25.62,1.88,2.88,48.11,73.86,10,6000,1200,60000,45000,29490.9941666667,142482.017887689,91,377711.122083333,3
"11347",160000,"Y2","Summer","Ear Hanging",7.91023721021979,10,Aug 2035,0,12864,16160,600,63264,10,206313.42,2523571.03,114844,90.93,3.58,17.71,0.04,25.62,1.8,2.75,46.02,70.36,10,6000,1200,60000,45000,30058.3926666667,143049.416387689,96,380104.061333333,3
"11348",170000,"Y2","Summer","Ear Hanging",10.5469829469597,10,Aug 2035,0,13668,17120,600,67108,10,211456.87,2583017.63,122021,90.93,3.58,17.71,0.04,25.62,1.73,2.65,44.39,67.78,10,6000,1200,60000,45000,31094.1745,144348.872794696,102,389507.36725,4
"11349",180000,"Y2","Summer","Ear Hanging",10.5469829469597,10,Aug 2035,0,14204,17760,600,70364,10,215279.19,2620397.66,129199,90.93,3.58,17.71,0.04,25.62,1.67,2.54,42.68,64.94,10,6000,1200,60000,45000,31660.4896666667,144915.187961363,106,391882.673166667,4
"11350",190000,"Y2","Summer","Ear Hanging",10.5469829469597,10,Aug 2035,0,15142,18880,600,75142,10,220626.3,2673216.5,136377,90.93,3.58,17.71,0.04,25.62,1.62,2.45,41.44,62.76,10,6000,1200,60000,45000,32229.6048333333,145484.303128029,113,394285.979083333,4
"11351",200000,"Y2","Summer","Ear Hanging",10.5469829469597,10,Aug 2035,0,15946,19840,600,78026,10,224077.7,2709045.52,143555,90.93,3.58,17.71,0.04,25.62,1.56,2.36,39.98,60.43,10,6000,1200,60000,45000,32797.0033333333,146051.701628029,119,396678.918333333,4
"11352",210000,"Y2","Summer","Ear Hanging",10.5469829469597,10,Aug 2035,0,17286,21440,600,84326,10,230946.82,2776470.36,150732,90.93,3.58,17.71,0.04,25.62,1.53,2.3,39.25,58.98,10,6000,1200,60000,45000,33366.1185,146620.816794696,129,399082.22425,4
"11353",220000,"Y2","Summer","Ear Hanging",13.1837286836996,10,Aug 2035,0,17688,21920,600,86808,10,234725.47,2821918.15,157910,90.93,3.58,17.71,0.04,25.62,1.49,2.23,38.08,57.22,10,6000,1200,60000,45000,34399.1003333333,147917.473201703,132,408457.530166667,5
"11354",230000,"Y2","Summer","Ear Hanging",13.1837286836996,10,Aug 2035,0,18626,23040,600,91426,10,239910.87,2873271.17,165088,90.93,3.58,17.71,0.04,25.62,1.45,2.18,37.23,55.73,10,6000,1200,60000,45000,34966.4988333333,148484.871701703,139,410850.469416667,5
"11355",240000,"Y2","Summer","Ear Hanging",13.1837286836996,10,Aug 2035,0,19028,23520,600,93908,10,242961.99,2903744,172266,90.93,3.58,17.71,0.04,25.62,1.41,2.11,36.13,53.97,10,6000,1200,60000,45000,35535.614,149053.98686837,142,413253.775333333,5
"11356",250000,"Y2","Summer","Ear Hanging",13.1837286836996,10,Aug 2035,0,19564,24160,600,96044,10,245667.1,2932278.84,179443,90.93,3.58,17.71,0.04,25.62,1.37,2.04,35.07,52.32,10,6000,1200,60000,45000,36104.7291666667,149623.102035037,146,415657.08125,5
"11357",260000,"Y2","Summer","Ear Hanging",13.1837286836996,10,Aug 2035,0,20770,25600,600,101890,10,252077.7,2994625.06,186621,90.93,3.58,17.71,0.04,25.62,1.35,2.01,34.6,51.38,10,6000,1200,60000,45000,36669.3276666667,150187.700535037,155,418022.0205,5
"11358",270000,"Y2","Summer","Ear Hanging",13.1837286836996,10,Aug 2035,0,21172,26080,600,104372,10,255128.82,3025097.9,193799,90.93,3.58,17.71,0.04,25.62,1.32,1.95,33.72,49.98,10,6000,1200,60000,45000,37238.4428333333,150756.815701703,158,420425.326416667,5
"11359",280000,"Y2","Summer","Ear Hanging",15.8204744204396,10,Aug 2035,0,21976,27040,600,108216,10,260272.27,3084544.49,200977,90.93,3.58,17.71,0.04,25.62,1.3,1.92,33.17,49.14,10,6000,1200,60000,45000,38274.2246666667,152056.272108711,164,429828.632333333,6
"11360",290000,"Y2","Summer","Ear Hanging",15.8204744204396,10,Aug 2035,0,23048,28320,600,112808,10,265431.67,3135745.51,208154,90.93,3.58,17.71,0.04,25.62,1.28,1.88,32.66,48.24,10,6000,1200,60000,45000,38841.6231666667,152623.670608711,172,432221.571583333,6
"11361",300000,"Y2","Summer","Ear Hanging",15.8204744204396,10,Aug 2035,0,23986,29440,600,117586,10,270778.79,3188564.35,215332,90.93,3.58,17.71,0.04,25.62,1.26,1.85,32.21,47.41,10,6000,1200,60000,45000,39410.7383333333,153192.785775377,179,434624.8775,6
"11362",310000,"Y2","Summer","Ear Hanging",15.8204744204396,10,Aug 2035,0,24656,30240,600,120656,10,274415.1,3225178.38,222510,90.93,3.58,17.71,0.04,25.62,1.23,1.81,31.59,46.41,10,6000,1200,60000,45000,39977.0535,153759.100942044,184,437000.183416667,6
"11363",320000,"Y2","Summer","Ear Hanging",15.8204744204396,10,Aug 2035,0,25058,30720,600,123138,10,277464.5,3255625.4,229688,90.93,3.58,17.71,0.04,25.62,1.21,1.77,30.94,45.39,10,6000,1200,60000,45000,40544.452,154326.499442044,187,439393.122666667,6
"11364",330000,"Y2","Summer","Ear Hanging",18.4572201571795,10,Aug 2035,0,25996,31840,600,127916,10,283541.96,3323477.99,236865,90.93,3.58,17.71,0.04,25.62,1.2,1.75,30.66,44.93,10,6000,1200,60000,45000,41580.2338333333,155625.955849051,194,448796.428583333,7
"11365",340000,"Y2","Summer","Ear Hanging",18.4572201571795,10,Aug 2035,0,26666,32640,600,130826,10,287021.07,3358978.83,244043,90.93,3.58,17.71,0.04,25.62,1.18,1.72,30.13,44.07,10,6000,1200,60000,45000,42149.349,156195.071015718,199,451199.7345,7
"11366",350000,"Y2","Summer","Ear Hanging",18.4572201571795,10,Aug 2035,0,27604,33760,600,135604,10,292365.39,3411738.87,251221,90.93,3.58,17.71,0.04,25.62,1.16,1.7,29.81,43.49,10,6000,1200,60000,45000,42715.6641666667,156761.386182385,206,453575.040416667,7
"11367",360000,"Y2","Summer","Ear Hanging",18.4572201571795,10,Aug 2035,0,28140,34400,600,138220,10,295548.78,3443391.89,258398,90.93,3.58,17.71,0.04,25.62,1.14,1.67,29.3,42.67,10,6000,1200,60000,45000,43283.0626666667,157328.784682385,210,455967.979666667,7
"11368",370000,"Y2","Summer","Ear Hanging",18.4572201571795,10,Aug 2035,0,29078,35520,600,142998,10,300895.9,3496210.72,265576,90.93,3.58,17.71,0.04,25.62,1.13,1.65,29.02,42.15,10,6000,1200,60000,45000,43852.1778333333,157897.899849051,217,458371.285583333,7
"11369",380000,"Y2","Summer","Ear Hanging",21.0939658939194,10,Aug 2035,0,29480,36000,600,145480,10,304677.36,3541717.32,272754,90.93,3.58,17.71,0.04,25.62,1.12,1.62,28.61,41.58,10,6000,1200,60000,45000,44887.9596666667,159197.356256059,220,467774.5915,8
"11370",390000,"Y2","Summer","Ear Hanging",21.0939658939194,10,Aug 2035,0,30954,37760,600,151434,10,311195.95,3606799.54,279932,90.93,3.58,17.71,0.04,25.62,1.11,1.61,28.48,41.26,10,6000,1200,60000,45000,45452.5581666667,159761.954756059,231,470139.53075,8
"11371",400000,"Y2","Summer","Ear Hanging",21.0939658939194,10,Aug 2035,0,31356,38240,600,153916,10,314247.07,3637272.37,287109,90.93,3.58,17.71,0.04,25.62,1.09,1.58,28.04,40.56,10,6000,1200,60000,45000,46021.6733333333,160331.069922725,234,472542.836666667,8
"11392",50000,"Y3","Summer","Ear Hanging",5.27349147347986,10,Aug 2035,0,5092,6880,600,23972,10,160716.25,2054210.2,31403,114.97,4.53,37.01,0.08,12.26,5.12,8.18,62.72,100.21,10,6000,1200,60000,45000,24016.89875,136744.247897348,38,349909.035833333,2
"11393",60000,"Y3","Summer","Ear Hanging",5.27349147347986,10,Aug 2035,0,5494,7360,600,25814,10,163262.86,2079103.87,37683,114.97,4.53,37.01,0.08,12.26,4.33,6.9,53.1,84.52,10,6000,1200,60000,45000,24721.5118333333,137448.860980681,41,352948.789666667,2
"11394",70000,"Y3","Summer","Ear Hanging",5.27349147347986,10,Aug 2035,0,6432,8480,600,30592,10,168739.24,2131994.82,43964,114.97,4.53,37.01,0.08,12.26,3.84,6.06,47.04,74.29,10,6000,1200,60000,45000,25419.8915833333,138147.240730681,48,355939.810166667,2
"11395",80000,"Y3","Summer","Ear Hanging",7.91023721021979,10,Aug 2035,0,6834,8960,600,33074,10,172653.4,2177623.44,50244,114.97,4.53,37.01,0.08,12.26,3.44,5.42,42.11,66.39,10,6000,1200,60000,45000,26588.3713333333,139579.395054355,51,365951.564,3
"11396",90000,"Y3","Summer","Ear Hanging",7.91023721021979,10,Aug 2035,0,7102,9280,600,34622,10,174906.01,2199871.11,56525,114.97,4.53,37.01,0.08,12.26,3.09,4.86,37.92,59.62,10,6000,1200,60000,45000,27292.9844166667,140284.008137689,53,368991.317833333,3
"11397",100000,"Y3","Summer","Ear Hanging",7.91023721021979,10,Aug 2035,0,8978,11520,600,42098,10,183080.39,2277900.06,62805,114.97,4.53,37.01,0.08,12.26,2.92,4.53,35.72,55.56,10,6000,1200,60000,45000,27991.3641666667,140982.387887689,67,371982.338333333,3
"11398",110000,"Y3","Summer","Ear Hanging",7.91023721021979,10,Aug 2035,0,9782,12480,600,46102,10,187789,2322385.73,69086,114.97,4.53,37.01,0.08,12.26,2.72,4.2,33.31,51.5,10,6000,1200,60000,45000,28695.97725,141687.000971022,73,375022.092166667,3
"11399",120000,"Y3","Summer","Ear Hanging",10.5469829469597,10,Aug 2035,0,10586,13440,600,49946,10,193065.16,2381954.35,75366,114.97,4.53,37.01,0.08,12.26,2.56,3.95,31.39,48.42,10,6000,1200,60000,45000,29864.457,143119.155294696,79,385033.846,4
"11400",130000,"Y3","Summer","Ear Hanging",10.5469829469597,10,Aug 2035,0,10988,13920,600,52428,10,196248.34,2412558.1,81647,114.97,4.53,37.01,0.08,12.26,2.4,3.69,29.46,45.27,10,6000,1200,60000,45000,30565.63675,143820.335044696,82,388052.8665,4
"11401",140000,"Y3","Summer","Ear Hanging",10.5469829469597,10,Aug 2035,0,11792,14880,600,56272,10,200794.15,2457092.97,87927,114.97,4.53,37.01,0.08,12.26,2.28,3.49,27.99,42.81,10,6000,1200,60000,45000,31267.4498333333,144522.148128029,88,391064.620333333,4
"11402",150000,"Y3","Summer","Ear Hanging",13.1837286836996,10,Aug 2035,0,12462,15680,600,59342,10,205299.1,2509248.39,94208,114.97,4.53,37.01,0.08,12.26,2.18,3.33,26.71,40.8,10,6000,1200,60000,45000,32438.7295833333,145957.102451703,93,401104.374166667,5
"11403",160000,"Y3","Summer","Ear Hanging",13.1837286836996,10,Aug 2035,0,12998,16320,600,62118,10,208773.48,2542439.34,100488,114.97,4.53,37.01,0.08,12.26,2.08,3.16,25.46,38.76,10,6000,1200,60000,45000,33137.1093333333,146655.482201703,97,404095.394666667,5
"11404",170000,"Y3","Summer","Ear Hanging",13.1837286836996,10,Aug 2035,0,13802,17280,600,65962,10,213322.1,2587033.01,106769,114.97,4.53,37.01,0.08,12.26,2,3.03,24.49,37.12,10,6000,1200,60000,45000,33841.7224166667,147360.095285037,103,407135.1485,5
"11405",180000,"Y3","Summer","Ear Hanging",13.1837286836996,10,Aug 2035,0,14204,17760,600,68444,10,216505.91,2617627.88,113049,114.97,4.53,37.01,0.08,12.26,1.92,2.89,23.47,35.47,10,6000,1200,60000,45000,34543.5355,148061.90836837,106,410146.902333333,5
"11406",190000,"Y3","Summer","Ear Hanging",15.8204744204396,10,Aug 2035,0,15142,18880,600,73222,10,222718.86,2685661.3,119330,114.97,4.53,37.01,0.08,12.26,1.87,2.81,22.87,34.48,10,6000,1200,60000,45000,35714.81525,149496.862692044,113,420186.656166667,6
"11407",200000,"Y3","Summer","Ear Hanging",15.8204744204396,10,Aug 2035,0,16348,20320,600,77468,10,227663.24,2732938.25,125610,114.97,4.53,37.01,0.08,12.26,1.81,2.72,22.21,33.33,10,6000,1200,60000,45000,36413.195,150195.242442044,122,423177.676666667,6
"11408",210000,"Y3","Summer","Ear Hanging",15.8204744204396,10,Aug 2035,0,17554,21760,600,82994,10,233893.86,2793577.92,131891,114.97,4.53,37.01,0.08,12.26,1.77,2.65,21.73,32.45,10,6000,1200,60000,45000,37117.8080833333,150899.855525377,131,426217.4305,6
"11409",220000,"Y3","Summer","Ear Hanging",15.8204744204396,10,Aug 2035,0,18090,22400,600,86250,10,237851.67,2830364.79,138171,114.97,4.53,37.01,0.08,12.26,1.72,2.56,21.1,31.38,10,6000,1200,60000,45000,37819.6211666667,151601.668608711,135,429229.184333333,6
"11410",230000,"Y3","Summer","Ear Hanging",18.4572201571795,10,Aug 2035,0,18894,23360,600,90094,10,243127.19,2889942.29,144452,114.97,4.53,37.01,0.08,12.26,1.68,2.5,20.63,30.65,10,6000,1200,60000,45000,38987.4675833333,153033.189599051,141,439248.204833333,7
"11411",240000,"Y3","Summer","Ear Hanging",18.4572201571795,10,Aug 2035,0,19296,23840,600,92576,10,246311,2920537.16,150732,114.97,4.53,37.01,0.08,12.26,1.63,2.42,20.03,29.68,10,6000,1200,60000,45000,39689.2806666667,153735.002682385,144,442259.958666667,7
"11412",250000,"Y3","Summer","Ear Hanging",18.4572201571795,10,Aug 2035,0,19832,24480,600,94712,10,249151.62,2949252.83,157013,114.97,4.53,37.01,0.08,12.26,1.59,2.35,19.45,28.77,10,6000,1200,60000,45000,40393.89375,154439.615765718,148,445299.7125,7
"11413",260000,"Y3","Summer","Ear Hanging",21.0939658939194,10,Aug 2035,0,20904,25760,600,99784,10,255652.34,3019823.53,163293,114.97,4.53,37.01,0.08,12.26,1.57,2.31,19.19,28.33,10,6000,1200,60000,45000,41558.9401666667,155868.336756059,156,455290.733,8
"11414",270000,"Y3","Summer","Ear Hanging",21.0939658939194,10,Aug 2035,0,21306,26240,600,102266,10,258838.95,3050477.2,169574,114.97,4.53,37.01,0.08,12.26,1.53,2.25,18.71,27.56,10,6000,1200,60000,45000,42263.55325,156572.949839392,159,458330.486833333,8
"11415",280000,"Y3","Summer","Ear Hanging",21.0939658939194,10,Aug 2035,0,22110,27200,600,106110,10,263384.76,3095012.07,175854,114.97,4.53,37.01,0.08,12.26,1.5,2.2,18.35,26.96,10,6000,1200,60000,45000,42965.3663333333,157274.762922725,165,461342.240666667,8
"11416",290000,"Y3","Summer","Ear Hanging",21.0939658939194,10,Aug 2035,0,23450,28800,600,111290,10,269265.94,3150753.82,182135,114.97,4.53,37.01,0.08,12.26,1.48,2.16,18.12,26.5,10,6000,1200,60000,45000,43666.5460833333,157975.942672725,175,464361.261166667,8
"11417",300000,"Y3","Summer","Ear Hanging",23.7307116306594,10,Aug 2035,0,24388,29920,600,116068,10,275476.1,3218728.44,188416,114.97,4.53,37.01,0.08,12.26,1.46,2.14,17.92,26.17,10,6000,1200,60000,45000,44835.0258333333,159408.096996399,182,474373.015,9
"11418",310000,"Y3","Summer","Ear Hanging",23.7307116306594,10,Aug 2035,0,24924,30560,600,118364,10,278476.71,3248616.11,194696,114.97,4.53,37.01,0.08,12.26,1.43,2.09,17.53,25.56,10,6000,1200,60000,45000,45539.6389166667,160112.710079733,186,477412.768833333,9
"11419",320000,"Y3","Summer","Ear Hanging",23.7307116306594,10,Aug 2035,0,25326,31040,600,120846,10,281657.09,3279161.06,200977,114.97,4.53,37.01,0.08,12.26,1.4,2.04,17.17,24.99,10,6000,1200,60000,45000,46238.0186666667,160811.089829733,189,480403.789333333,9
"11420",330000,"Y3","Summer","Ear Hanging",23.7307116306594,10,Aug 2035,0,26398,32320,600,126398,10,287913.7,3338352.73,207257,114.97,4.53,37.01,0.08,12.26,1.39,2.01,17.02,24.67,10,6000,1200,60000,45000,46942.63175,161515.702913066,197,483443.543166667,9
"11421",340000,"Y3","Summer","Ear Hanging",26.3674573673993,10,Aug 2035,0,26934,32960,600,128534,10,291481.86,3382043.35,213538,114.97,4.53,37.01,0.08,12.26,1.37,1.98,16.73,24.26,10,6000,1200,60000,45000,48111.1115,162947.85723674,201,493455.297,10
"11422",350000,"Y3","Summer","Ear Hanging",26.3674573673993,10,Aug 2035,0,27872,34080,600,133312,10,296964.47,3435043.02,219818,114.97,4.53,37.01,0.08,12.26,1.35,1.95,16.56,23.94,10,6000,1200,60000,45000,48815.7245833333,163652.470320073,208,496495.050833333,10
"11423",360000,"Y3","Summer","Ear Hanging",26.3674573673993,10,Aug 2035,0,28274,34560,600,135154,10,299504.85,3459827.97,226099,114.97,4.53,37.01,0.08,12.26,1.32,1.91,16.23,23.44,10,6000,1200,60000,45000,49514.1043333333,164350.850070073,211,499486.071333333,10
"11424",370000,"Y3","Summer","Ear Hanging",29.0042031041392,10,Aug 2035,0,29212,35680,600,139932,10,305717.8,3527861.4,232379,114.97,4.53,37.01,0.08,12.26,1.32,1.9,16.12,23.26,10,6000,1200,60000,45000,50685.3840833333,165785.804393747,218,509525.825166667,11
"11425",380000,"Y3","Summer","Ear Hanging",29.0042031041392,10,Aug 2035,0,29614,36160,600,142414,10,308901.62,3558456.26,238660,114.97,4.53,37.01,0.08,12.26,1.29,1.86,15.86,22.84,10,6000,1200,60000,45000,51387.1971666667,166487.617477081,221,512537.579,11
"11426",390000,"Y3","Summer","Ear Hanging",29.0042031041392,10,Aug 2035,0,31356,38240,600,148956,10,316144.8,3628138.02,244940,114.97,4.53,37.01,0.08,12.26,1.29,1.85,15.82,22.69,10,6000,1200,60000,45000,52088.3769166667,167188.797227081,234,515556.5995,11
"11448",50000,"Y4","Fall","Ear Hanging",5.27349147347986,10,Aug 2035,0,5092,6880,600,23652,10,160396.25,2043910.2,29309,120.32,4.74,42.51,0.09,10.67,5.47,9.96,58.4,106.31,10,6000,1200,60000,45000,24016.89875,136744.247897348,38,349909.035833333,2
"11449",60000,"Y4","Fall","Ear Hanging",5.27349147347986,10,Aug 2035,0,5494,7360,600,25494,10,162942.86,2067255.87,35171,120.32,4.74,42.51,0.09,10.67,4.63,8.4,49.44,89.6,10,6000,1200,60000,45000,24721.5118333333,137448.860980681,41,352948.789666667,2
"11450",70000,"Y4","Fall","Ear Hanging",5.27349147347986,10,Aug 2035,0,6432,8480,600,30272,10,168419.24,2118598.82,41033,120.32,4.74,42.51,0.09,10.67,4.1,7.38,43.8,78.71,10,6000,1200,60000,45000,25419.8915833333,138147.240730681,48,355939.810166667,2
"11451",80000,"Y4","Fall","Ear Hanging",7.91023721021979,10,Aug 2035,0,6834,8960,600,32754,10,172333.4,2162679.44,46895,120.32,4.74,42.51,0.09,10.67,3.67,6.59,39.21,70.3,10,6000,1200,60000,45000,26588.3713333333,139579.395054355,51,365951.564,3
"11452",90000,"Y4","Fall","Ear Hanging",7.91023721021979,10,Aug 2035,0,7102,9280,600,34302,10,174586.01,2183379.11,52756,120.32,4.74,42.51,0.09,10.67,3.31,5.91,35.31,63.09,10,6000,1200,60000,45000,27292.9844166667,140284.008137689,53,368991.317833333,3
"11453",100000,"Y4","Fall","Ear Hanging",7.91023721021979,10,Aug 2035,0,9112,11680,600,42232,10,183214.39,2263492.06,58618,120.32,4.74,42.51,0.09,10.67,3.13,5.52,33.35,58.86,10,6000,1200,60000,45000,27991.3641666667,140982.387887689,68,371982.338333333,3
"11454",110000,"Y4","Fall","Ear Hanging",7.91023721021979,10,Aug 2035,0,9782,12480,600,45462,10,187149,2300237.73,64480,120.32,4.74,42.51,0.09,10.67,2.9,5.1,30.97,54.38,10,6000,1200,60000,45000,28695.97725,141687.000971022,73,375022.092166667,3
"11455",120000,"Y4","Fall","Ear Hanging",10.5469829469597,10,Aug 2035,0,10586,13440,600,49306,10,192425.16,2358258.35,70342,120.32,4.74,42.51,0.09,10.67,2.74,4.79,29.19,51.11,10,6000,1200,60000,45000,29864.457,143119.155294696,79,385033.846,4
"11456",130000,"Y4","Fall","Ear Hanging",10.5469829469597,10,Aug 2035,0,10988,13920,600,51788,10,195608.34,2387314.1,76204,120.32,4.74,42.51,0.09,10.67,2.57,4.48,27.39,47.76,10,6000,1200,60000,45000,30565.63675,143820.335044696,82,388052.8665,4
"11457",140000,"Y4","Fall","Ear Hanging",10.5469829469597,10,Aug 2035,0,11792,14880,600,55632,10,200154.15,2430300.97,82065,120.32,4.74,42.51,0.09,10.67,2.44,4.23,26.03,45.14,10,6000,1200,60000,45000,31267.4498333333,144522.148128029,88,391064.620333333,4
"11458",150000,"Y4","Fall","Ear Hanging",13.1837286836996,10,Aug 2035,0,12462,15680,600,58702,10,204659.1,2480908.39,87927,120.32,4.74,42.51,0.09,10.67,2.33,4.03,24.84,43.01,10,6000,1200,60000,45000,32438.7295833333,145957.102451703,93,401104.374166667,5
"11459",160000,"Y4","Fall","Ear Hanging",13.1837286836996,10,Aug 2035,0,12998,16320,600,61478,10,208133.48,2512551.34,93789,120.32,4.74,42.51,0.09,10.67,2.22,3.83,23.68,40.84,10,6000,1200,60000,45000,33137.1093333333,146655.482201703,97,404095.394666667,5
"11460",170000,"Y4","Fall","Ear Hanging",13.1837286836996,10,Aug 2035,0,13802,17280,600,65322,10,212682.1,2555597.01,99651,120.32,4.74,42.51,0.09,10.67,2.13,3.66,22.77,39.09,10,6000,1200,60000,45000,33841.7224166667,147360.095285037,103,407135.1485,5
"11461",180000,"Y4","Fall","Ear Hanging",13.1837286836996,10,Aug 2035,0,14204,17760,600,67804,10,215865.91,2584643.88,105513,120.32,4.74,42.51,0.09,10.67,2.05,3.5,21.83,37.34,10,6000,1200,60000,45000,34543.5355,148061.90836837,106,410146.902333333,5
"11462",190000,"Y4","Fall","Ear Hanging",15.8204744204396,10,Aug 2035,0,15142,18880,600,72582,10,222078.86,2651129.3,111375,120.32,4.74,42.51,0.09,10.67,1.99,3.4,21.28,36.29,10,6000,1200,60000,45000,35714.81525,149496.862692044,113,420186.656166667,6
"11463",200000,"Y4","Fall","Ear Hanging",15.8204744204396,10,Aug 2035,0,16482,20480,600,77282,10,227477.24,2700490.25,117236,120.32,4.74,42.51,0.09,10.67,1.94,3.29,20.71,35.11,10,6000,1200,60000,45000,36413.195,150195.242442044,123,423177.676666667,6
"11464",210000,"Y4","Fall","Ear Hanging",15.8204744204396,10,Aug 2035,0,17688,21920,600,82808,10,233707.86,2759581.92,123098,120.32,4.74,42.51,0.09,10.67,1.9,3.2,20.26,34.17,10,6000,1200,60000,45000,37117.8080833333,150899.855525377,132,426217.4305,6
"11465",220000,"Y4","Fall","Ear Hanging",15.8204744204396,10,Aug 2035,0,17956,22240,600,84516,10,236117.67,2783210.79,128960,120.32,4.74,42.51,0.09,10.67,1.83,3.08,19.54,32.9,10,6000,1200,60000,45000,37819.6211666667,151601.668608711,134,429229.184333333,6
"11466",230000,"Y4","Fall","Ear Hanging",18.4572201571795,10,Aug 2035,0,18760,23200,600,88360,10,241393.19,2841240.29,134822,120.32,4.74,42.51,0.09,10.67,1.79,3.01,19.11,32.13,10,6000,1200,60000,45000,38987.4675833333,153033.189599051,140,439248.204833333,7
"11467",240000,"Y4","Fall","Ear Hanging",18.4572201571795,10,Aug 2035,0,19162,23680,600,90842,10,244577,2870287.16,140684,120.32,4.74,42.51,0.09,10.67,1.74,2.91,18.55,31.1,10,6000,1200,60000,45000,39689.2806666667,153735.002682385,143,442259.958666667,7
"11468",250000,"Y4","Fall","Ear Hanging",18.4572201571795,10,Aug 2035,0,19698,24320,600,92978,10,247417.62,2897454.83,146545,120.32,4.74,42.51,0.09,10.67,1.69,2.82,18.02,30.14,10,6000,1200,60000,45000,40393.89375,154439.615765718,147,445299.7125,7
"11469",260000,"Y4","Fall","Ear Hanging",21.0939658939194,10,Aug 2035,0,20770,25600,600,98050,10,253918.34,2966477.53,152407,120.32,4.74,42.51,0.09,10.67,1.67,2.78,17.78,29.67,10,6000,1200,60000,45000,41558.9401666667,155868.336756059,155,455290.733,8
"11470",270000,"Y4","Fall","Ear Hanging",21.0939658939194,10,Aug 2035,0,21172,26080,600,100532,10,257104.95,2995583.2,158269,120.32,4.74,42.51,0.09,10.67,1.62,2.7,17.33,28.85,10,6000,1200,60000,45000,42263.55325,156572.949839392,158,458330.486833333,8
"11471",280000,"Y4","Fall","Ear Hanging",21.0939658939194,10,Aug 2035,0,21976,27040,600,104376,10,261650.76,3038570.07,164131,120.32,4.74,42.51,0.09,10.67,1.59,2.64,17.01,28.22,10,6000,1200,60000,45000,42965.3663333333,157274.762922725,164,461342.240666667,8
"11472",290000,"Y4","Fall","Ear Hanging",21.0939658939194,10,Aug 2035,0,23450,28800,600,110010,10,267985.94,3096395.82,169993,120.32,4.74,42.51,0.09,10.67,1.58,2.6,16.82,27.77,10,6000,1200,60000,45000,43666.5460833333,157975.942672725,175,464361.261166667,8
"11473",300000,"Y4","Fall","Ear Hanging",23.7307116306594,10,Aug 2035,0,24388,29920,600,114788,10,274196.1,3162822.44,175854,120.32,4.74,42.51,0.09,10.67,1.56,2.57,16.64,27.42,10,6000,1200,60000,45000,44835.0258333333,159408.096996399,182,474373.015,9
"11474",310000,"Y4","Fall","Ear Hanging",23.7307116306594,10,Aug 2035,0,24924,30560,600,117084,10,277196.71,3191162.11,181716,120.32,4.74,42.51,0.09,10.67,1.53,2.51,16.28,26.77,10,6000,1200,60000,45000,45539.6389166667,160112.710079733,186,477412.768833333,9
"11475",320000,"Y4","Fall","Ear Hanging",23.7307116306594,10,Aug 2035,0,25326,31040,600,119566,10,280377.09,3220159.06,187578,120.32,4.74,42.51,0.09,10.67,1.49,2.45,15.95,26.17,10,6000,1200,60000,45000,46238.0186666667,160811.089829733,189,480403.789333333,9
"11476",330000,"Y4","Fall","Ear Hanging",23.7307116306594,10,Aug 2035,0,26264,32160,600,124344,10,285859.7,3271610.73,193440,120.32,4.74,42.51,0.09,10.67,1.48,2.42,15.77,25.78,10,6000,1200,60000,45000,46942.63175,161515.702913066,196,483443.543166667,9
"11477",340000,"Y4","Fall","Ear Hanging",26.3674573673993,10,Aug 2035,0,26800,32800,600,126480,10,289427.86,3313753.35,199302,120.32,4.74,42.51,0.09,10.67,1.45,2.38,15.5,25.35,10,6000,1200,60000,45000,48111.1115,162947.85723674,200,493455.297,10
"11478",350000,"Y4","Fall","Ear Hanging",26.3674573673993,10,Aug 2035,0,27738,33920,600,131258,10,294910.47,3365205.02,205164,120.32,4.74,42.51,0.09,10.67,1.44,2.34,15.34,25,10,6000,1200,60000,45000,48815.7245833333,163652.470320073,207,496495.050833333,10
"11479",360000,"Y4","Fall","Ear Hanging",26.3674573673993,10,Aug 2035,0,28140,34400,600,133100,10,297450.85,3388441.97,211025,120.32,4.74,42.51,0.09,10.67,1.41,2.29,15.04,24.48,10,6000,1200,60000,45000,49514.1043333333,164350.850070073,210,499486.071333333,10
"11480",370000,"Y4","Fall","Ear Hanging",29.0042031041392,10,Aug 2035,0,29078,35520,600,137878,10,303663.8,3454927.4,216887,120.32,4.74,42.51,0.09,10.67,1.4,2.28,14.94,24.28,10,6000,1200,60000,45000,50685.3840833333,165785.804393747,217,509525.825166667,11
"11481",380000,"Y4","Fall","Ear Hanging",29.0042031041392,10,Aug 2035,0,29480,36000,600,140360,10,306847.62,3483974.26,222749,120.32,4.74,42.51,0.09,10.67,1.38,2.23,14.7,23.84,10,6000,1200,60000,45000,51387.1971666667,166487.617477081,220,512537.579,11
"11482",390000,"Y4","Fall","Ear Hanging",29.0042031041392,10,Aug 2035,0,31356,38240,600,147356,10,314544.8,3555740.02,228611,120.32,4.74,42.51,0.09,10.67,1.38,2.22,14.68,23.71,10,6000,1200,60000,45000,52088.3769166667,167188.797227081,234,515556.5995,11
